row_wid,Name,Phone_Number,email_id,Pass_Type,Pass_Valid_From,Pass_Valid_To,Gender,Age
1,Rosemary Allen,+44(0)1214960980,dianewalker@example.net,Weekly,2024-11-07,2024-11-14,Male,42
2,Mr Cameron Roberts,(0131) 496 0349,rlee@example.com,Day,2024-11-04,2024-11-04,Female,41
3,Shane Hyde,020 7946 0919,joannagarner@example.net,Day,2024-11-02,2024-11-02,Male,21
4,Dr Anthony Collins,0306 999 0867,georgina40@example.net,Day,2024-11-11,2024-11-11,Female,19
5,Francesca Davies,0909 879 0822,ebryant@example.com,Weekly,2024-11-07,2024-11-14,Male,47
6,Jasmine Griffiths,0191 4960501,christopherlane@example.com,Day,2024-11-01,2024-11-01,Male,24
7,Matthew Fletcher,+44909 879 0825,abdul09@example.com,Weekly,2024-11-15,2024-11-22,Male,57
8,Mr Keith Stevens,(029) 2018476,jharris@example.net,Monthly,2024-11-01,2024-12-01,Female,56
9,Marilyn Ali,(0141) 4960773,glenwilliams@example.org,Monthly,2024-10-31,2024-11-30,Male,46
10,Ms Rosemary Wright,+441154960522,sadams@example.com,Day,2024-10-27,2024-10-27,Male,27
11,Frederick Morris-Rose,(0161) 496 0778,joelee@example.net,Day,2024-11-05,2024-11-05,Female,53
12,Kyle Marshall-Scott,(0306)9990520,lawrencetaylor@example.org,Weekly,2024-10-23,2024-10-30,Male,29
13,Angela James,+44(0)8081570775,carterlorraine@example.org,Monthly,2024-11-16,2024-12-16,Female,50
14,Harriet Williams,+441154960626,ipoole@example.org,Day,2024-11-17,2024-11-17,Female,48
15,Mrs Anne Barton,(0191) 4960419,michaelobrien@example.org,Day,2024-11-01,2024-11-01,Male,31
16,Mrs Helen Davidson,0117 496 0798,johnsonroy@example.com,Weekly,2024-11-14,2024-11-21,Male,48
17,Marc Barrett,(0191) 496 0849,cookalex@example.org,Day,2024-11-09,2024-11-09,Male,48
18,Gerard Parry-Hamilton,(0191) 4960144,emily51@example.org,Weekly,2024-11-09,2024-11-16,Male,38
19,Miss Nicola Jenkins,0191 498 0510,kcarter@example.com,Monthly,2024-11-19,2024-12-19,Male,40
20,Justin Leach,+44(0)118 4960579,asmith@example.org,Monthly,2024-11-02,2024-12-02,Female,21
21,Richard Little,(0116) 496 0612,gerardgibbs@example.net,Day,2024-10-23,2024-10-23,Male,38
22,Rhys Osborne,02074960908,zwilliams@example.net,Weekly,2024-11-12,2024-11-19,Female,31
23,Miss Danielle Turner,,georginadawson@example.com,Monthly,2024-11-07,2024-12-07,Male,24
24,Marc Lewis,(0113)4960242,henrytaylor@example.org,Monthly,2024-11-12,2024-12-12,Female,42
25,Dr Christopher Collier,(0116) 496 0404,dhopkins@example.net,Weekly,2024-11-04,2024-11-11,Female,53
26,Gail Fraser,(020)74960793,katewood@example.org,Weekly,2024-11-12,2024-11-19,Female,59
27,Kirsty Jones,+44306 999 0043,rossgrant@example.com,Weekly,2024-11-16,2024-11-23,Female,60
28,Carl Ward,(029) 2018 0748,laurenkemp@example.com,Day,2024-10-23,2024-10-23,Male,23
29,Kelly Collins,(0114) 4960802,eedwards@example.net,Day,2024-11-09,2024-11-09,Male,32
30,Lisa Stone-Begum,+4429 2018 0871,beth56@example.com,Weekly,2024-11-15,2024-11-22,Female,33
31,Jasmine Miller,+441214960817,thomasjulian@example.com,Day,2024-11-05,2024-11-05,Male,45
32,Alexandra Bentley,,carol55@example.net,Monthly,2024-11-03,2024-12-03,Female,36
33,Ms Jasmine Smith,,kevinchapman@example.com,Day,2024-11-03,2024-11-03,Female,33
34,Dr Rosemary Watkins,+44113 4960989,qburke@example.net,Monthly,2024-11-03,2024-12-03,Male,42
35,Elliot Charlton,,obradley@example.com,Monthly,2024-11-16,2024-12-16,Male,39
36,Mr Arthur Smith,020 7946 0615,,Monthly,2024-11-03,2024-12-03,Female,43
37,Dr Edward Macdonald,+44(0)141 496 0417,uhardy@example.com,Monthly,2024-10-28,2024-11-27,Male,48
38,Terence Lewis-Davies,(0161) 4960147,gracedavey@example.org,Weekly,2024-11-15,2024-11-22,Male,58
39,Nicholas Ellis,0131 4960431,heathercarroll@example.com,Weekly,2024-11-05,2024-11-12,Male,55
40,Miss Yvonne Turner,+441614960385,zclark@example.com,Weekly,2024-11-09,2024-11-16,Female,47
41,Marion Pearson,+44(0)141 496 0881,mitchellgreenwood@example.org,Weekly,2024-11-21,2024-11-28,Female,30
42,Victoria Anderson,+44(0)1314960566,elliewatts@example.net,Monthly,2024-10-28,2024-11-27,Male,22
43,Diane Taylor,+44(0)141 496 0769,ejohnson@example.org,Day,2024-11-08,2024-11-08,Male,38
44,Alison Davidson,(0808) 1570896,parkerjay@example.com,Weekly,2024-11-03,2024-11-10,Female,54
45,Dr Natalie Dobson,(0808)1570420,reesmichelle@example.org,Day,2024-11-02,2024-11-02,Female,23
46,Guy Turner,+44292018952,katiebell@example.net,Weekly,2024-11-07,2024-11-14,Male,53
47,Chloe Robinson,,nicola75@example.com,Day,2024-11-16,2024-11-16,Female,48
48,Dr Hayley Cook,+44306 9990061,ldavidson@example.org,Monthly,2024-10-27,2024-11-26,Female,40
49,Timothy Lynch,+441632 960 345,llittle@example.net,Weekly,2024-11-12,2024-11-19,Male,30
50,Mr Timothy Cox,+44(0)118 4960036,georginadavies@example.net,Weekly,2024-10-28,2024-11-04,Female,44
