row_wid,Route_num,From_stop,To_stop,Price_adult,Price_child
1,1,South Melanie,Mitchell walk,3.5,1.75
2,1,South Melanie,Lauren fall,5.0,2.5
3,1,South Melanie,Thomas glens,6.5,3.25
4,1,South Melanie,Karen turnpike,8.0,4.0
5,1,South Melanie,Laura shores,9.5,4.75
6,1,South Melanie,Moore shoal,11.0,5.5
7,1,South Melanie,Murray causeway,12.5,6.25
8,1,South Melanie,Murray point,14.0,7.0
9,1,South Melanie,Thomas common,15.5,7.75
10,1,South Melanie,Green loaf,17.0,8.5
11,1,South Melanie,Rogers lock,18.5,9.25
12,1,South Melanie,Lake Maureen,20.0,10.0
13,1,Mitchell walk,Lauren fall,3.5,1.75
14,1,Mitchell walk,Thomas glens,5.0,2.5
15,1,Mitchell walk,Karen turnpike,6.5,3.25
16,1,Mitchell walk,Laura shores,8.0,4.0
17,1,Mitchell walk,Moore shoal,9.5,4.75
18,1,Mitchell walk,Murray causeway,11.0,5.5
19,1,Mitchell walk,Murray point,12.5,6.25
20,1,Mitchell walk,Thomas common,14.0,7.0
21,1,Mitchell walk,Green loaf,15.5,7.75
22,1,Mitchell walk,Rogers lock,17.0,8.5
23,1,Mitchell walk,Lake Maureen,18.5,9.25
24,1,Lauren fall,Thomas glens,3.5,1.75
25,1,Lauren fall,Karen turnpike,5.0,2.5
26,1,Lauren fall,Laura shores,6.5,3.25
27,1,Lauren fall,Moore shoal,8.0,4.0
28,1,Lauren fall,Murray causeway,9.5,4.75
29,1,Lauren fall,Murray point,11.0,5.5
30,1,Lauren fall,Thomas common,12.5,6.25
31,1,Lauren fall,Green loaf,14.0,7.0
32,1,Lauren fall,Rogers lock,15.5,7.75
33,1,Lauren fall,Lake Maureen,17.0,8.5
34,1,Thomas glens,Karen turnpike,3.5,1.75
35,1,Thomas glens,Laura shores,5.0,2.5
36,1,Thomas glens,Moore shoal,6.5,3.25
37,1,Thomas glens,Murray causeway,8.0,4.0
38,1,Thomas glens,Murray point,9.5,4.75
39,1,Thomas glens,Thomas common,11.0,5.5
40,1,Thomas glens,Green loaf,12.5,6.25
41,1,Thomas glens,Rogers lock,14.0,7.0
42,1,Thomas glens,Lake Maureen,15.5,7.75
43,1,Karen turnpike,Laura shores,3.5,1.75
44,1,Karen turnpike,Moore shoal,5.0,2.5
45,1,Karen turnpike,Murray causeway,6.5,3.25
46,1,Karen turnpike,Murray point,8.0,4.0
47,1,Karen turnpike,Thomas common,9.5,4.75
48,1,Karen turnpike,Green loaf,11.0,5.5
49,1,Karen turnpike,Rogers lock,12.5,6.25
50,1,Karen turnpike,Lake Maureen,14.0,7.0
51,1,Laura shores,Moore shoal,3.5,1.75
52,1,Laura shores,Murray causeway,5.0,2.5
53,1,Laura shores,Murray point,6.5,3.25
54,1,Laura shores,Thomas common,8.0,4.0
55,1,Laura shores,Green loaf,9.5,4.75
56,1,Laura shores,Rogers lock,11.0,5.5
57,1,Laura shores,Lake Maureen,12.5,6.25
58,1,Moore shoal,Murray causeway,3.5,1.75
59,1,Moore shoal,Murray point,5.0,2.5
60,1,Moore shoal,Thomas common,6.5,3.25
61,1,Moore shoal,Green loaf,8.0,4.0
62,1,Moore shoal,Rogers lock,9.5,4.75
63,1,Moore shoal,Lake Maureen,11.0,5.5
64,1,Murray causeway,Murray point,3.5,1.75
65,1,Murray causeway,Thomas common,5.0,2.5
66,1,Murray causeway,Green loaf,6.5,3.25
67,1,Murray causeway,Rogers lock,8.0,4.0
68,1,Murray causeway,Lake Maureen,9.5,4.75
69,1,Murray point,Thomas common,3.5,1.75
70,1,Murray point,Green loaf,5.0,2.5
71,1,Murray point,Rogers lock,6.5,3.25
72,1,Murray point,Lake Maureen,8.0,4.0
73,1,Thomas common,Green loaf,3.5,1.75
74,1,Thomas common,Rogers lock,5.0,2.5
75,1,Thomas common,Lake Maureen,6.5,3.25
76,1,Green loaf,Rogers lock,3.5,1.75
77,1,Green loaf,Lake Maureen,5.0,2.5
78,1,Rogers lock,Lake Maureen,3.5,1.75
79,6,Lake Maureen,Rogers lock,3.5,1.75
80,6,Lake Maureen,Green loaf,5.0,2.5
81,6,Lake Maureen,Thomas common,6.5,3.25
82,6,Lake Maureen,Murray point,8.0,4.0
83,6,Lake Maureen,Murray causeway,9.5,4.75
84,6,Lake Maureen,Moore shoal,11.0,5.5
85,6,Lake Maureen,Laura shores,12.5,6.25
86,6,Lake Maureen,Karen turnpike,14.0,7.0
87,6,Lake Maureen,Thomas glens,15.5,7.75
88,6,Lake Maureen,Lauren fall,17.0,8.5
89,6,Lake Maureen,Mitchell walk,18.5,9.25
90,6,Lake Maureen,South Melanie,20.0,10.0
91,6,Rogers lock,Green loaf,3.5,1.75
92,6,Rogers lock,Thomas common,5.0,2.5
93,6,Rogers lock,Murray point,6.5,3.25
94,6,Rogers lock,Murray causeway,8.0,4.0
95,6,Rogers lock,Moore shoal,9.5,4.75
96,6,Rogers lock,Laura shores,11.0,5.5
97,6,Rogers lock,Karen turnpike,12.5,6.25
98,6,Rogers lock,Thomas glens,14.0,7.0
99,6,Rogers lock,Lauren fall,15.5,7.75
100,6,Rogers lock,Mitchell walk,17.0,8.5
101,6,Rogers lock,South Melanie,18.5,9.25
102,6,Green loaf,Thomas common,3.5,1.75
103,6,Green loaf,Murray point,5.0,2.5
104,6,Green loaf,Murray causeway,6.5,3.25
105,6,Green loaf,Moore shoal,8.0,4.0
106,6,Green loaf,Laura shores,9.5,4.75
107,6,Green loaf,Karen turnpike,11.0,5.5
108,6,Green loaf,Thomas glens,12.5,6.25
109,6,Green loaf,Lauren fall,14.0,7.0
110,6,Green loaf,Mitchell walk,15.5,7.75
111,6,Green loaf,South Melanie,17.0,8.5
112,6,Thomas common,Murray point,3.5,1.75
113,6,Thomas common,Murray causeway,5.0,2.5
114,6,Thomas common,Moore shoal,6.5,3.25
115,6,Thomas common,Laura shores,8.0,4.0
116,6,Thomas common,Karen turnpike,9.5,4.75
117,6,Thomas common,Thomas glens,11.0,5.5
118,6,Thomas common,Lauren fall,12.5,6.25
119,6,Thomas common,Mitchell walk,14.0,7.0
120,6,Thomas common,South Melanie,15.5,7.75
121,6,Murray point,Murray causeway,3.5,1.75
122,6,Murray point,Moore shoal,5.0,2.5
123,6,Murray point,Laura shores,6.5,3.25
124,6,Murray point,Karen turnpike,8.0,4.0
125,6,Murray point,Thomas glens,9.5,4.75
126,6,Murray point,Lauren fall,11.0,5.5
127,6,Murray point,Mitchell walk,12.5,6.25
128,6,Murray point,South Melanie,14.0,7.0
129,6,Murray causeway,Moore shoal,3.5,1.75
130,6,Murray causeway,Laura shores,5.0,2.5
131,6,Murray causeway,Karen turnpike,6.5,3.25
132,6,Murray causeway,Thomas glens,8.0,4.0
133,6,Murray causeway,Lauren fall,9.5,4.75
134,6,Murray causeway,Mitchell walk,11.0,5.5
135,6,Murray causeway,South Melanie,12.5,6.25
136,6,Moore shoal,Laura shores,3.5,1.75
137,6,Moore shoal,Karen turnpike,5.0,2.5
138,6,Moore shoal,Thomas glens,6.5,3.25
139,6,Moore shoal,Lauren fall,8.0,4.0
140,6,Moore shoal,Mitchell walk,9.5,4.75
141,6,Moore shoal,South Melanie,11.0,5.5
142,6,Laura shores,Karen turnpike,3.5,1.75
143,6,Laura shores,Thomas glens,5.0,2.5
144,6,Laura shores,Lauren fall,6.5,3.25
145,6,Laura shores,Mitchell walk,8.0,4.0
146,6,Laura shores,South Melanie,9.5,4.75
147,6,Karen turnpike,Thomas glens,3.5,1.75
148,6,Karen turnpike,Lauren fall,5.0,2.5
149,6,Karen turnpike,Mitchell walk,6.5,3.25
150,6,Karen turnpike,South Melanie,8.0,4.0
151,6,Thomas glens,Lauren fall,3.5,1.75
152,6,Thomas glens,Mitchell walk,5.0,2.5
153,6,Thomas glens,South Melanie,6.5,3.25
154,6,Lauren fall,Mitchell walk,3.5,1.75
155,6,Lauren fall,South Melanie,5.0,2.5
156,6,Mitchell walk,South Melanie,3.5,1.75
157,2,Port Russell,Dorothy court,3.5,1.75
158,2,Port Russell,Andrea knolls,5.0,2.5
159,2,Port Russell,Scott ways,6.5,3.25
160,2,Port Russell,Hazel brooks,8.0,4.0
161,2,Port Russell,Davies ranch,9.5,4.75
162,2,Port Russell,Sharp lane,11.0,5.5
163,2,Port Russell,Mohammed parks,12.5,6.25
164,2,Port Russell,Jack mountain,14.0,7.0
165,2,Port Russell,Hall ways,15.5,7.75
166,2,Port Russell,Donald corner,17.0,8.5
167,2,Port Russell,Gregory lodge,18.5,9.25
168,2,Port Russell,Khan mall,20.0,10.0
169,2,Port Russell,Edwards junctions,21.5,10.75
170,2,Port Russell,West Terryside,23.0,11.5
171,2,Dorothy court,Andrea knolls,3.5,1.75
172,2,Dorothy court,Scott ways,5.0,2.5
173,2,Dorothy court,Hazel brooks,6.5,3.25
174,2,Dorothy court,Davies ranch,8.0,4.0
175,2,Dorothy court,Sharp lane,9.5,4.75
176,2,Dorothy court,Mohammed parks,11.0,5.5
177,2,Dorothy court,Jack mountain,12.5,6.25
178,2,Dorothy court,Hall ways,14.0,7.0
179,2,Dorothy court,Donald corner,15.5,7.75
180,2,Dorothy court,Gregory lodge,17.0,8.5
181,2,Dorothy court,Khan mall,18.5,9.25
182,2,Dorothy court,Edwards junctions,20.0,10.0
183,2,Dorothy court,West Terryside,21.5,10.75
184,2,Andrea knolls,Scott ways,3.5,1.75
185,2,Andrea knolls,Hazel brooks,5.0,2.5
186,2,Andrea knolls,Davies ranch,6.5,3.25
187,2,Andrea knolls,Sharp lane,8.0,4.0
188,2,Andrea knolls,Mohammed parks,9.5,4.75
189,2,Andrea knolls,Jack mountain,11.0,5.5
190,2,Andrea knolls,Hall ways,12.5,6.25
191,2,Andrea knolls,Donald corner,14.0,7.0
192,2,Andrea knolls,Gregory lodge,15.5,7.75
193,2,Andrea knolls,Khan mall,17.0,8.5
194,2,Andrea knolls,Edwards junctions,18.5,9.25
195,2,Andrea knolls,West Terryside,20.0,10.0
196,2,Scott ways,Hazel brooks,3.5,1.75
197,2,Scott ways,Davies ranch,5.0,2.5
198,2,Scott ways,Sharp lane,6.5,3.25
199,2,Scott ways,Mohammed parks,8.0,4.0
200,2,Scott ways,Jack mountain,9.5,4.75
201,2,Scott ways,Hall ways,11.0,5.5
202,2,Scott ways,Donald corner,12.5,6.25
203,2,Scott ways,Gregory lodge,14.0,7.0
204,2,Scott ways,Khan mall,15.5,7.75
205,2,Scott ways,Edwards junctions,17.0,8.5
206,2,Scott ways,West Terryside,18.5,9.25
207,2,Hazel brooks,Davies ranch,3.5,1.75
208,2,Hazel brooks,Sharp lane,5.0,2.5
209,2,Hazel brooks,Mohammed parks,6.5,3.25
210,2,Hazel brooks,Jack mountain,8.0,4.0
211,2,Hazel brooks,Hall ways,9.5,4.75
212,2,Hazel brooks,Donald corner,11.0,5.5
213,2,Hazel brooks,Gregory lodge,12.5,6.25
214,2,Hazel brooks,Khan mall,14.0,7.0
215,2,Hazel brooks,Edwards junctions,15.5,7.75
216,2,Hazel brooks,West Terryside,17.0,8.5
217,2,Davies ranch,Sharp lane,3.5,1.75
218,2,Davies ranch,Mohammed parks,5.0,2.5
219,2,Davies ranch,Jack mountain,6.5,3.25
220,2,Davies ranch,Hall ways,8.0,4.0
221,2,Davies ranch,Donald corner,9.5,4.75
222,2,Davies ranch,Gregory lodge,11.0,5.5
223,2,Davies ranch,Khan mall,12.5,6.25
224,2,Davies ranch,Edwards junctions,14.0,7.0
225,2,Davies ranch,West Terryside,15.5,7.75
226,2,Sharp lane,Mohammed parks,3.5,1.75
227,2,Sharp lane,Jack mountain,5.0,2.5
228,2,Sharp lane,Hall ways,6.5,3.25
229,2,Sharp lane,Donald corner,8.0,4.0
230,2,Sharp lane,Gregory lodge,9.5,4.75
231,2,Sharp lane,Khan mall,11.0,5.5
232,2,Sharp lane,Edwards junctions,12.5,6.25
233,2,Sharp lane,West Terryside,14.0,7.0
234,2,Mohammed parks,Jack mountain,3.5,1.75
235,2,Mohammed parks,Hall ways,5.0,2.5
236,2,Mohammed parks,Donald corner,6.5,3.25
237,2,Mohammed parks,Gregory lodge,8.0,4.0
238,2,Mohammed parks,Khan mall,9.5,4.75
239,2,Mohammed parks,Edwards junctions,11.0,5.5
240,2,Mohammed parks,West Terryside,12.5,6.25
241,2,Jack mountain,Hall ways,3.5,1.75
242,2,Jack mountain,Donald corner,5.0,2.5
243,2,Jack mountain,Gregory lodge,6.5,3.25
244,2,Jack mountain,Khan mall,8.0,4.0
245,2,Jack mountain,Edwards junctions,9.5,4.75
246,2,Jack mountain,West Terryside,11.0,5.5
247,2,Hall ways,Donald corner,3.5,1.75
248,2,Hall ways,Gregory lodge,5.0,2.5
249,2,Hall ways,Khan mall,6.5,3.25
250,2,Hall ways,Edwards junctions,8.0,4.0
251,2,Hall ways,West Terryside,9.5,4.75
252,2,Donald corner,Gregory lodge,3.5,1.75
253,2,Donald corner,Khan mall,5.0,2.5
254,2,Donald corner,Edwards junctions,6.5,3.25
255,2,Donald corner,West Terryside,8.0,4.0
256,2,Gregory lodge,Khan mall,3.5,1.75
257,2,Gregory lodge,Edwards junctions,5.0,2.5
258,2,Gregory lodge,West Terryside,6.5,3.25
259,2,Khan mall,Edwards junctions,3.5,1.75
260,2,Khan mall,West Terryside,5.0,2.5
261,2,Edwards junctions,West Terryside,3.5,1.75
262,7,West Terryside,Edwards junctions,3.5,1.75
263,7,West Terryside,Khan mall,5.0,2.5
264,7,West Terryside,Gregory lodge,6.5,3.25
265,7,West Terryside,Donald corner,8.0,4.0
266,7,West Terryside,Hall ways,9.5,4.75
267,7,West Terryside,Jack mountain,11.0,5.5
268,7,West Terryside,Mohammed parks,12.5,6.25
269,7,West Terryside,Sharp lane,14.0,7.0
270,7,West Terryside,Davies ranch,15.5,7.75
271,7,West Terryside,Hazel brooks,17.0,8.5
272,7,West Terryside,Scott ways,18.5,9.25
273,7,West Terryside,Andrea knolls,20.0,10.0
274,7,West Terryside,Dorothy court,21.5,10.75
275,7,West Terryside,Port Russell,23.0,11.5
276,7,Edwards junctions,Khan mall,3.5,1.75
277,7,Edwards junctions,Gregory lodge,5.0,2.5
278,7,Edwards junctions,Donald corner,6.5,3.25
279,7,Edwards junctions,Hall ways,8.0,4.0
280,7,Edwards junctions,Jack mountain,9.5,4.75
281,7,Edwards junctions,Mohammed parks,11.0,5.5
282,7,Edwards junctions,Sharp lane,12.5,6.25
283,7,Edwards junctions,Davies ranch,14.0,7.0
284,7,Edwards junctions,Hazel brooks,15.5,7.75
285,7,Edwards junctions,Scott ways,17.0,8.5
286,7,Edwards junctions,Andrea knolls,18.5,9.25
287,7,Edwards junctions,Dorothy court,20.0,10.0
288,7,Edwards junctions,Port Russell,21.5,10.75
289,7,Khan mall,Gregory lodge,3.5,1.75
290,7,Khan mall,Donald corner,5.0,2.5
291,7,Khan mall,Hall ways,6.5,3.25
292,7,Khan mall,Jack mountain,8.0,4.0
293,7,Khan mall,Mohammed parks,9.5,4.75
294,7,Khan mall,Sharp lane,11.0,5.5
295,7,Khan mall,Davies ranch,12.5,6.25
296,7,Khan mall,Hazel brooks,14.0,7.0
297,7,Khan mall,Scott ways,15.5,7.75
298,7,Khan mall,Andrea knolls,17.0,8.5
299,7,Khan mall,Dorothy court,18.5,9.25
300,7,Khan mall,Port Russell,20.0,10.0
301,7,Gregory lodge,Donald corner,3.5,1.75
302,7,Gregory lodge,Hall ways,5.0,2.5
303,7,Gregory lodge,Jack mountain,6.5,3.25
304,7,Gregory lodge,Mohammed parks,8.0,4.0
305,7,Gregory lodge,Sharp lane,9.5,4.75
306,7,Gregory lodge,Davies ranch,11.0,5.5
307,7,Gregory lodge,Hazel brooks,12.5,6.25
308,7,Gregory lodge,Scott ways,14.0,7.0
309,7,Gregory lodge,Andrea knolls,15.5,7.75
310,7,Gregory lodge,Dorothy court,17.0,8.5
311,7,Gregory lodge,Port Russell,18.5,9.25
312,7,Donald corner,Hall ways,3.5,1.75
313,7,Donald corner,Jack mountain,5.0,2.5
314,7,Donald corner,Mohammed parks,6.5,3.25
315,7,Donald corner,Sharp lane,8.0,4.0
316,7,Donald corner,Davies ranch,9.5,4.75
317,7,Donald corner,Hazel brooks,11.0,5.5
318,7,Donald corner,Scott ways,12.5,6.25
319,7,Donald corner,Andrea knolls,14.0,7.0
320,7,Donald corner,Dorothy court,15.5,7.75
321,7,Donald corner,Port Russell,17.0,8.5
322,7,Hall ways,Jack mountain,3.5,1.75
323,7,Hall ways,Mohammed parks,5.0,2.5
324,7,Hall ways,Sharp lane,6.5,3.25
325,7,Hall ways,Davies ranch,8.0,4.0
326,7,Hall ways,Hazel brooks,9.5,4.75
327,7,Hall ways,Scott ways,11.0,5.5
328,7,Hall ways,Andrea knolls,12.5,6.25
329,7,Hall ways,Dorothy court,14.0,7.0
330,7,Hall ways,Port Russell,15.5,7.75
331,7,Jack mountain,Mohammed parks,3.5,1.75
332,7,Jack mountain,Sharp lane,5.0,2.5
333,7,Jack mountain,Davies ranch,6.5,3.25
334,7,Jack mountain,Hazel brooks,8.0,4.0
335,7,Jack mountain,Scott ways,9.5,4.75
336,7,Jack mountain,Andrea knolls,11.0,5.5
337,7,Jack mountain,Dorothy court,12.5,6.25
338,7,Jack mountain,Port Russell,14.0,7.0
339,7,Mohammed parks,Sharp lane,3.5,1.75
340,7,Mohammed parks,Davies ranch,5.0,2.5
341,7,Mohammed parks,Hazel brooks,6.5,3.25
342,7,Mohammed parks,Scott ways,8.0,4.0
343,7,Mohammed parks,Andrea knolls,9.5,4.75
344,7,Mohammed parks,Dorothy court,11.0,5.5
345,7,Mohammed parks,Port Russell,12.5,6.25
346,7,Sharp lane,Davies ranch,3.5,1.75
347,7,Sharp lane,Hazel brooks,5.0,2.5
348,7,Sharp lane,Scott ways,6.5,3.25
349,7,Sharp lane,Andrea knolls,8.0,4.0
350,7,Sharp lane,Dorothy court,9.5,4.75
351,7,Sharp lane,Port Russell,11.0,5.5
352,7,Davies ranch,Hazel brooks,3.5,1.75
353,7,Davies ranch,Scott ways,5.0,2.5
354,7,Davies ranch,Andrea knolls,6.5,3.25
355,7,Davies ranch,Dorothy court,8.0,4.0
356,7,Davies ranch,Port Russell,9.5,4.75
357,7,Hazel brooks,Scott ways,3.5,1.75
358,7,Hazel brooks,Andrea knolls,5.0,2.5
359,7,Hazel brooks,Dorothy court,6.5,3.25
360,7,Hazel brooks,Port Russell,8.0,4.0
361,7,Scott ways,Andrea knolls,3.5,1.75
362,7,Scott ways,Dorothy court,5.0,2.5
363,7,Scott ways,Port Russell,6.5,3.25
364,7,Andrea knolls,Dorothy court,3.5,1.75
365,7,Andrea knolls,Port Russell,5.0,2.5
366,7,Dorothy court,Port Russell,3.5,1.75
367,3,East Martin,Jodie island,3.5,1.75
368,3,East Martin,Lewis forks,5.0,2.5
369,3,East Martin,Owen throughway,6.5,3.25
370,3,East Martin,Swift ports,8.0,4.0
371,3,East Martin,Smith divide,9.5,4.75
372,3,East Martin,Peter road,11.0,5.5
373,3,East Martin,Marilyn junctions,12.5,6.25
374,3,East Martin,Lauren courts,14.0,7.0
375,3,East Martin,Roberts knolls,15.5,7.75
376,3,East Martin,Davies ferry,17.0,8.5
377,3,East Martin,Hall brooks,18.5,9.25
378,3,East Martin,Brenda river,20.0,10.0
379,3,East Martin,Stephanie unions,21.5,10.75
380,3,East Martin,Clare river,23.0,11.5
381,3,East Martin,Jeffrey squares,24.5,12.25
382,3,East Martin,Marcusfurt,26.0,13.0
383,3,Jodie island,Lewis forks,3.5,1.75
384,3,Jodie island,Owen throughway,5.0,2.5
385,3,Jodie island,Swift ports,6.5,3.25
386,3,Jodie island,Smith divide,8.0,4.0
387,3,Jodie island,Peter road,9.5,4.75
388,3,Jodie island,Marilyn junctions,11.0,5.5
389,3,Jodie island,Lauren courts,12.5,6.25
390,3,Jodie island,Roberts knolls,14.0,7.0
391,3,Jodie island,Davies ferry,15.5,7.75
392,3,Jodie island,Hall brooks,17.0,8.5
393,3,Jodie island,Brenda river,18.5,9.25
394,3,Jodie island,Stephanie unions,20.0,10.0
395,3,Jodie island,Clare river,21.5,10.75
396,3,Jodie island,Jeffrey squares,23.0,11.5
397,3,Jodie island,Marcusfurt,24.5,12.25
398,3,Lewis forks,Owen throughway,3.5,1.75
399,3,Lewis forks,Swift ports,5.0,2.5
400,3,Lewis forks,Smith divide,6.5,3.25
401,3,Lewis forks,Peter road,8.0,4.0
402,3,Lewis forks,Marilyn junctions,9.5,4.75
403,3,Lewis forks,Lauren courts,11.0,5.5
404,3,Lewis forks,Roberts knolls,12.5,6.25
405,3,Lewis forks,Davies ferry,14.0,7.0
406,3,Lewis forks,Hall brooks,15.5,7.75
407,3,Lewis forks,Brenda river,17.0,8.5
408,3,Lewis forks,Stephanie unions,18.5,9.25
409,3,Lewis forks,Clare river,20.0,10.0
410,3,Lewis forks,Jeffrey squares,21.5,10.75
411,3,Lewis forks,Marcusfurt,23.0,11.5
412,3,Owen throughway,Swift ports,3.5,1.75
413,3,Owen throughway,Smith divide,5.0,2.5
414,3,Owen throughway,Peter road,6.5,3.25
415,3,Owen throughway,Marilyn junctions,8.0,4.0
416,3,Owen throughway,Lauren courts,9.5,4.75
417,3,Owen throughway,Roberts knolls,11.0,5.5
418,3,Owen throughway,Davies ferry,12.5,6.25
419,3,Owen throughway,Hall brooks,14.0,7.0
420,3,Owen throughway,Brenda river,15.5,7.75
421,3,Owen throughway,Stephanie unions,17.0,8.5
422,3,Owen throughway,Clare river,18.5,9.25
423,3,Owen throughway,Jeffrey squares,20.0,10.0
424,3,Owen throughway,Marcusfurt,21.5,10.75
425,3,Swift ports,Smith divide,3.5,1.75
426,3,Swift ports,Peter road,5.0,2.5
427,3,Swift ports,Marilyn junctions,6.5,3.25
428,3,Swift ports,Lauren courts,8.0,4.0
429,3,Swift ports,Roberts knolls,9.5,4.75
430,3,Swift ports,Davies ferry,11.0,5.5
431,3,Swift ports,Hall brooks,12.5,6.25
432,3,Swift ports,Brenda river,14.0,7.0
433,3,Swift ports,Stephanie unions,15.5,7.75
434,3,Swift ports,Clare river,17.0,8.5
435,3,Swift ports,Jeffrey squares,18.5,9.25
436,3,Swift ports,Marcusfurt,20.0,10.0
437,3,Smith divide,Peter road,3.5,1.75
438,3,Smith divide,Marilyn junctions,5.0,2.5
439,3,Smith divide,Lauren courts,6.5,3.25
440,3,Smith divide,Roberts knolls,8.0,4.0
441,3,Smith divide,Davies ferry,9.5,4.75
442,3,Smith divide,Hall brooks,11.0,5.5
443,3,Smith divide,Brenda river,12.5,6.25
444,3,Smith divide,Stephanie unions,14.0,7.0
445,3,Smith divide,Clare river,15.5,7.75
446,3,Smith divide,Jeffrey squares,17.0,8.5
447,3,Smith divide,Marcusfurt,18.5,9.25
448,3,Peter road,Marilyn junctions,3.5,1.75
449,3,Peter road,Lauren courts,5.0,2.5
450,3,Peter road,Roberts knolls,6.5,3.25
451,3,Peter road,Davies ferry,8.0,4.0
452,3,Peter road,Hall brooks,9.5,4.75
453,3,Peter road,Brenda river,11.0,5.5
454,3,Peter road,Stephanie unions,12.5,6.25
455,3,Peter road,Clare river,14.0,7.0
456,3,Peter road,Jeffrey squares,15.5,7.75
457,3,Peter road,Marcusfurt,17.0,8.5
458,3,Marilyn junctions,Lauren courts,3.5,1.75
459,3,Marilyn junctions,Roberts knolls,5.0,2.5
460,3,Marilyn junctions,Davies ferry,6.5,3.25
461,3,Marilyn junctions,Hall brooks,8.0,4.0
462,3,Marilyn junctions,Brenda river,9.5,4.75
463,3,Marilyn junctions,Stephanie unions,11.0,5.5
464,3,Marilyn junctions,Clare river,12.5,6.25
465,3,Marilyn junctions,Jeffrey squares,14.0,7.0
466,3,Marilyn junctions,Marcusfurt,15.5,7.75
467,3,Lauren courts,Roberts knolls,3.5,1.75
468,3,Lauren courts,Davies ferry,5.0,2.5
469,3,Lauren courts,Hall brooks,6.5,3.25
470,3,Lauren courts,Brenda river,8.0,4.0
471,3,Lauren courts,Stephanie unions,9.5,4.75
472,3,Lauren courts,Clare river,11.0,5.5
473,3,Lauren courts,Jeffrey squares,12.5,6.25
474,3,Lauren courts,Marcusfurt,14.0,7.0
475,3,Roberts knolls,Davies ferry,3.5,1.75
476,3,Roberts knolls,Hall brooks,5.0,2.5
477,3,Roberts knolls,Brenda river,6.5,3.25
478,3,Roberts knolls,Stephanie unions,8.0,4.0
479,3,Roberts knolls,Clare river,9.5,4.75
480,3,Roberts knolls,Jeffrey squares,11.0,5.5
481,3,Roberts knolls,Marcusfurt,12.5,6.25
482,3,Davies ferry,Hall brooks,3.5,1.75
483,3,Davies ferry,Brenda river,5.0,2.5
484,3,Davies ferry,Stephanie unions,6.5,3.25
485,3,Davies ferry,Clare river,8.0,4.0
486,3,Davies ferry,Jeffrey squares,9.5,4.75
487,3,Davies ferry,Marcusfurt,11.0,5.5
488,3,Hall brooks,Brenda river,3.5,1.75
489,3,Hall brooks,Stephanie unions,5.0,2.5
490,3,Hall brooks,Clare river,6.5,3.25
491,3,Hall brooks,Jeffrey squares,8.0,4.0
492,3,Hall brooks,Marcusfurt,9.5,4.75
493,3,Brenda river,Stephanie unions,3.5,1.75
494,3,Brenda river,Clare river,5.0,2.5
495,3,Brenda river,Jeffrey squares,6.5,3.25
496,3,Brenda river,Marcusfurt,8.0,4.0
497,3,Stephanie unions,Clare river,3.5,1.75
498,3,Stephanie unions,Jeffrey squares,5.0,2.5
499,3,Stephanie unions,Marcusfurt,6.5,3.25
500,3,Clare river,Jeffrey squares,3.5,1.75
501,3,Clare river,Marcusfurt,5.0,2.5
502,3,Jeffrey squares,Marcusfurt,3.5,1.75
503,8,Marcusfurt,Jeffrey squares,3.5,1.75
504,8,Marcusfurt,Clare river,5.0,2.5
505,8,Marcusfurt,Stephanie unions,6.5,3.25
506,8,Marcusfurt,Brenda river,8.0,4.0
507,8,Marcusfurt,Hall brooks,9.5,4.75
508,8,Marcusfurt,Davies ferry,11.0,5.5
509,8,Marcusfurt,Roberts knolls,12.5,6.25
510,8,Marcusfurt,Lauren courts,14.0,7.0
511,8,Marcusfurt,Marilyn junctions,15.5,7.75
512,8,Marcusfurt,Peter road,17.0,8.5
513,8,Marcusfurt,Smith divide,18.5,9.25
514,8,Marcusfurt,Swift ports,20.0,10.0
515,8,Marcusfurt,Owen throughway,21.5,10.75
516,8,Marcusfurt,Lewis forks,23.0,11.5
517,8,Marcusfurt,Jodie island,24.5,12.25
518,8,Marcusfurt,East Martin,26.0,13.0
519,8,Jeffrey squares,Clare river,3.5,1.75
520,8,Jeffrey squares,Stephanie unions,5.0,2.5
521,8,Jeffrey squares,Brenda river,6.5,3.25
522,8,Jeffrey squares,Hall brooks,8.0,4.0
523,8,Jeffrey squares,Davies ferry,9.5,4.75
524,8,Jeffrey squares,Roberts knolls,11.0,5.5
525,8,Jeffrey squares,Lauren courts,12.5,6.25
526,8,Jeffrey squares,Marilyn junctions,14.0,7.0
527,8,Jeffrey squares,Peter road,15.5,7.75
528,8,Jeffrey squares,Smith divide,17.0,8.5
529,8,Jeffrey squares,Swift ports,18.5,9.25
530,8,Jeffrey squares,Owen throughway,20.0,10.0
531,8,Jeffrey squares,Lewis forks,21.5,10.75
532,8,Jeffrey squares,Jodie island,23.0,11.5
533,8,Jeffrey squares,East Martin,24.5,12.25
534,8,Clare river,Stephanie unions,3.5,1.75
535,8,Clare river,Brenda river,5.0,2.5
536,8,Clare river,Hall brooks,6.5,3.25
537,8,Clare river,Davies ferry,8.0,4.0
538,8,Clare river,Roberts knolls,9.5,4.75
539,8,Clare river,Lauren courts,11.0,5.5
540,8,Clare river,Marilyn junctions,12.5,6.25
541,8,Clare river,Peter road,14.0,7.0
542,8,Clare river,Smith divide,15.5,7.75
543,8,Clare river,Swift ports,17.0,8.5
544,8,Clare river,Owen throughway,18.5,9.25
545,8,Clare river,Lewis forks,20.0,10.0
546,8,Clare river,Jodie island,21.5,10.75
547,8,Clare river,East Martin,23.0,11.5
548,8,Stephanie unions,Brenda river,3.5,1.75
549,8,Stephanie unions,Hall brooks,5.0,2.5
550,8,Stephanie unions,Davies ferry,6.5,3.25
551,8,Stephanie unions,Roberts knolls,8.0,4.0
552,8,Stephanie unions,Lauren courts,9.5,4.75
553,8,Stephanie unions,Marilyn junctions,11.0,5.5
554,8,Stephanie unions,Peter road,12.5,6.25
555,8,Stephanie unions,Smith divide,14.0,7.0
556,8,Stephanie unions,Swift ports,15.5,7.75
557,8,Stephanie unions,Owen throughway,17.0,8.5
558,8,Stephanie unions,Lewis forks,18.5,9.25
559,8,Stephanie unions,Jodie island,20.0,10.0
560,8,Stephanie unions,East Martin,21.5,10.75
561,8,Brenda river,Hall brooks,3.5,1.75
562,8,Brenda river,Davies ferry,5.0,2.5
563,8,Brenda river,Roberts knolls,6.5,3.25
564,8,Brenda river,Lauren courts,8.0,4.0
565,8,Brenda river,Marilyn junctions,9.5,4.75
566,8,Brenda river,Peter road,11.0,5.5
567,8,Brenda river,Smith divide,12.5,6.25
568,8,Brenda river,Swift ports,14.0,7.0
569,8,Brenda river,Owen throughway,15.5,7.75
570,8,Brenda river,Lewis forks,17.0,8.5
571,8,Brenda river,Jodie island,18.5,9.25
572,8,Brenda river,East Martin,20.0,10.0
573,8,Hall brooks,Davies ferry,3.5,1.75
574,8,Hall brooks,Roberts knolls,5.0,2.5
575,8,Hall brooks,Lauren courts,6.5,3.25
576,8,Hall brooks,Marilyn junctions,8.0,4.0
577,8,Hall brooks,Peter road,9.5,4.75
578,8,Hall brooks,Smith divide,11.0,5.5
579,8,Hall brooks,Swift ports,12.5,6.25
580,8,Hall brooks,Owen throughway,14.0,7.0
581,8,Hall brooks,Lewis forks,15.5,7.75
582,8,Hall brooks,Jodie island,17.0,8.5
583,8,Hall brooks,East Martin,18.5,9.25
584,8,Davies ferry,Roberts knolls,3.5,1.75
585,8,Davies ferry,Lauren courts,5.0,2.5
586,8,Davies ferry,Marilyn junctions,6.5,3.25
587,8,Davies ferry,Peter road,8.0,4.0
588,8,Davies ferry,Smith divide,9.5,4.75
589,8,Davies ferry,Swift ports,11.0,5.5
590,8,Davies ferry,Owen throughway,12.5,6.25
591,8,Davies ferry,Lewis forks,14.0,7.0
592,8,Davies ferry,Jodie island,15.5,7.75
593,8,Davies ferry,East Martin,17.0,8.5
594,8,Roberts knolls,Lauren courts,3.5,1.75
595,8,Roberts knolls,Marilyn junctions,5.0,2.5
596,8,Roberts knolls,Peter road,6.5,3.25
597,8,Roberts knolls,Smith divide,8.0,4.0
598,8,Roberts knolls,Swift ports,9.5,4.75
599,8,Roberts knolls,Owen throughway,11.0,5.5
600,8,Roberts knolls,Lewis forks,12.5,6.25
601,8,Roberts knolls,Jodie island,14.0,7.0
602,8,Roberts knolls,East Martin,15.5,7.75
603,8,Lauren courts,Marilyn junctions,3.5,1.75
604,8,Lauren courts,Peter road,5.0,2.5
605,8,Lauren courts,Smith divide,6.5,3.25
606,8,Lauren courts,Swift ports,8.0,4.0
607,8,Lauren courts,Owen throughway,9.5,4.75
608,8,Lauren courts,Lewis forks,11.0,5.5
609,8,Lauren courts,Jodie island,12.5,6.25
610,8,Lauren courts,East Martin,14.0,7.0
611,8,Marilyn junctions,Peter road,3.5,1.75
612,8,Marilyn junctions,Smith divide,5.0,2.5
613,8,Marilyn junctions,Swift ports,6.5,3.25
614,8,Marilyn junctions,Owen throughway,8.0,4.0
615,8,Marilyn junctions,Lewis forks,9.5,4.75
616,8,Marilyn junctions,Jodie island,11.0,5.5
617,8,Marilyn junctions,East Martin,12.5,6.25
618,8,Peter road,Smith divide,3.5,1.75
619,8,Peter road,Swift ports,5.0,2.5
620,8,Peter road,Owen throughway,6.5,3.25
621,8,Peter road,Lewis forks,8.0,4.0
622,8,Peter road,Jodie island,9.5,4.75
623,8,Peter road,East Martin,11.0,5.5
624,8,Smith divide,Swift ports,3.5,1.75
625,8,Smith divide,Owen throughway,5.0,2.5
626,8,Smith divide,Lewis forks,6.5,3.25
627,8,Smith divide,Jodie island,8.0,4.0
628,8,Smith divide,East Martin,9.5,4.75
629,8,Swift ports,Owen throughway,3.5,1.75
630,8,Swift ports,Lewis forks,5.0,2.5
631,8,Swift ports,Jodie island,6.5,3.25
632,8,Swift ports,East Martin,8.0,4.0
633,8,Owen throughway,Lewis forks,3.5,1.75
634,8,Owen throughway,Jodie island,5.0,2.5
635,8,Owen throughway,East Martin,6.5,3.25
636,8,Lewis forks,Jodie island,3.5,1.75
637,8,Lewis forks,East Martin,5.0,2.5
638,8,Jodie island,East Martin,3.5,1.75
639,4,East Nathanhaven,O'Brien fork,3.5,1.75
640,4,East Nathanhaven,Williams loop,5.0,2.5
641,4,East Nathanhaven,Shane harbors,6.5,3.25
642,4,East Nathanhaven,Jennifer views,8.0,4.0
643,4,East Nathanhaven,Laura canyon,9.5,4.75
644,4,East Nathanhaven,Collins vista,11.0,5.5
645,4,East Nathanhaven,Diane gateway,12.5,6.25
646,4,East Nathanhaven,Ashleigh points,14.0,7.0
647,4,East Nathanhaven,Port Ryanside,15.5,7.75
648,4,O'Brien fork,Williams loop,3.5,1.75
649,4,O'Brien fork,Shane harbors,5.0,2.5
650,4,O'Brien fork,Jennifer views,6.5,3.25
651,4,O'Brien fork,Laura canyon,8.0,4.0
652,4,O'Brien fork,Collins vista,9.5,4.75
653,4,O'Brien fork,Diane gateway,11.0,5.5
654,4,O'Brien fork,Ashleigh points,12.5,6.25
655,4,O'Brien fork,Port Ryanside,14.0,7.0
656,4,Williams loop,Shane harbors,3.5,1.75
657,4,Williams loop,Jennifer views,5.0,2.5
658,4,Williams loop,Laura canyon,6.5,3.25
659,4,Williams loop,Collins vista,8.0,4.0
660,4,Williams loop,Diane gateway,9.5,4.75
661,4,Williams loop,Ashleigh points,11.0,5.5
662,4,Williams loop,Port Ryanside,12.5,6.25
663,4,Shane harbors,Jennifer views,3.5,1.75
664,4,Shane harbors,Laura canyon,5.0,2.5
665,4,Shane harbors,Collins vista,6.5,3.25
666,4,Shane harbors,Diane gateway,8.0,4.0
667,4,Shane harbors,Ashleigh points,9.5,4.75
668,4,Shane harbors,Port Ryanside,11.0,5.5
669,4,Jennifer views,Laura canyon,3.5,1.75
670,4,Jennifer views,Collins vista,5.0,2.5
671,4,Jennifer views,Diane gateway,6.5,3.25
672,4,Jennifer views,Ashleigh points,8.0,4.0
673,4,Jennifer views,Port Ryanside,9.5,4.75
674,4,Laura canyon,Collins vista,3.5,1.75
675,4,Laura canyon,Diane gateway,5.0,2.5
676,4,Laura canyon,Ashleigh points,6.5,3.25
677,4,Laura canyon,Port Ryanside,8.0,4.0
678,4,Collins vista,Diane gateway,3.5,1.75
679,4,Collins vista,Ashleigh points,5.0,2.5
680,4,Collins vista,Port Ryanside,6.5,3.25
681,4,Diane gateway,Ashleigh points,3.5,1.75
682,4,Diane gateway,Port Ryanside,5.0,2.5
683,4,Ashleigh points,Port Ryanside,3.5,1.75
684,9,Port Ryanside,Ashleigh points,3.5,1.75
685,9,Port Ryanside,Diane gateway,5.0,2.5
686,9,Port Ryanside,Collins vista,6.5,3.25
687,9,Port Ryanside,Laura canyon,8.0,4.0
688,9,Port Ryanside,Jennifer views,9.5,4.75
689,9,Port Ryanside,Shane harbors,11.0,5.5
690,9,Port Ryanside,Williams loop,12.5,6.25
691,9,Port Ryanside,O'Brien fork,14.0,7.0
692,9,Port Ryanside,East Nathanhaven,15.5,7.75
693,9,Ashleigh points,Diane gateway,3.5,1.75
694,9,Ashleigh points,Collins vista,5.0,2.5
695,9,Ashleigh points,Laura canyon,6.5,3.25
696,9,Ashleigh points,Jennifer views,8.0,4.0
697,9,Ashleigh points,Shane harbors,9.5,4.75
698,9,Ashleigh points,Williams loop,11.0,5.5
699,9,Ashleigh points,O'Brien fork,12.5,6.25
700,9,Ashleigh points,East Nathanhaven,14.0,7.0
701,9,Diane gateway,Collins vista,3.5,1.75
702,9,Diane gateway,Laura canyon,5.0,2.5
703,9,Diane gateway,Jennifer views,6.5,3.25
704,9,Diane gateway,Shane harbors,8.0,4.0
705,9,Diane gateway,Williams loop,9.5,4.75
706,9,Diane gateway,O'Brien fork,11.0,5.5
707,9,Diane gateway,East Nathanhaven,12.5,6.25
708,9,Collins vista,Laura canyon,3.5,1.75
709,9,Collins vista,Jennifer views,5.0,2.5
710,9,Collins vista,Shane harbors,6.5,3.25
711,9,Collins vista,Williams loop,8.0,4.0
712,9,Collins vista,O'Brien fork,9.5,4.75
713,9,Collins vista,East Nathanhaven,11.0,5.5
714,9,Laura canyon,Jennifer views,3.5,1.75
715,9,Laura canyon,Shane harbors,5.0,2.5
716,9,Laura canyon,Williams loop,6.5,3.25
717,9,Laura canyon,O'Brien fork,8.0,4.0
718,9,Laura canyon,East Nathanhaven,9.5,4.75
719,9,Jennifer views,Shane harbors,3.5,1.75
720,9,Jennifer views,Williams loop,5.0,2.5
721,9,Jennifer views,O'Brien fork,6.5,3.25
722,9,Jennifer views,East Nathanhaven,8.0,4.0
723,9,Shane harbors,Williams loop,3.5,1.75
724,9,Shane harbors,O'Brien fork,5.0,2.5
725,9,Shane harbors,East Nathanhaven,6.5,3.25
726,9,Williams loop,O'Brien fork,3.5,1.75
727,9,Williams loop,East Nathanhaven,5.0,2.5
728,9,O'Brien fork,East Nathanhaven,3.5,1.75
729,5,Port Victoria,Neil radial,3.5,1.75
730,5,Port Victoria,Jake mills,5.0,2.5
731,5,Port Victoria,Hooper fort,6.5,3.25
732,5,Port Victoria,Daniels common,8.0,4.0
733,5,Port Victoria,Palmer fords,9.5,4.75
734,5,Port Victoria,Watkins brooks,11.0,5.5
735,5,Port Victoria,Hopkins corner,12.5,6.25
736,5,Port Victoria,Holt spur,14.0,7.0
737,5,Port Victoria,Cameron meadows,15.5,7.75
738,5,Port Victoria,Alison valleys,17.0,8.5
739,5,Port Victoria,Davies harbor,18.5,9.25
740,5,Port Victoria,Henderson cliffs,20.0,10.0
741,5,Port Victoria,Ross square,21.5,10.75
742,5,Port Victoria,Julie mountain,23.0,11.5
743,5,Port Victoria,Hill villages,24.5,12.25
744,5,Port Victoria,Daveymouth,26.0,13.0
745,5,Neil radial,Jake mills,3.5,1.75
746,5,Neil radial,Hooper fort,5.0,2.5
747,5,Neil radial,Daniels common,6.5,3.25
748,5,Neil radial,Palmer fords,8.0,4.0
749,5,Neil radial,Watkins brooks,9.5,4.75
750,5,Neil radial,Hopkins corner,11.0,5.5
751,5,Neil radial,Holt spur,12.5,6.25
752,5,Neil radial,Cameron meadows,14.0,7.0
753,5,Neil radial,Alison valleys,15.5,7.75
754,5,Neil radial,Davies harbor,17.0,8.5
755,5,Neil radial,Henderson cliffs,18.5,9.25
756,5,Neil radial,Ross square,20.0,10.0
757,5,Neil radial,Julie mountain,21.5,10.75
758,5,Neil radial,Hill villages,23.0,11.5
759,5,Neil radial,Daveymouth,24.5,12.25
760,5,Jake mills,Hooper fort,3.5,1.75
761,5,Jake mills,Daniels common,5.0,2.5
762,5,Jake mills,Palmer fords,6.5,3.25
763,5,Jake mills,Watkins brooks,8.0,4.0
764,5,Jake mills,Hopkins corner,9.5,4.75
765,5,Jake mills,Holt spur,11.0,5.5
766,5,Jake mills,Cameron meadows,12.5,6.25
767,5,Jake mills,Alison valleys,14.0,7.0
768,5,Jake mills,Davies harbor,15.5,7.75
769,5,Jake mills,Henderson cliffs,17.0,8.5
770,5,Jake mills,Ross square,18.5,9.25
771,5,Jake mills,Julie mountain,20.0,10.0
772,5,Jake mills,Hill villages,21.5,10.75
773,5,Jake mills,Daveymouth,23.0,11.5
774,5,Hooper fort,Daniels common,3.5,1.75
775,5,Hooper fort,Palmer fords,5.0,2.5
776,5,Hooper fort,Watkins brooks,6.5,3.25
777,5,Hooper fort,Hopkins corner,8.0,4.0
778,5,Hooper fort,Holt spur,9.5,4.75
779,5,Hooper fort,Cameron meadows,11.0,5.5
780,5,Hooper fort,Alison valleys,12.5,6.25
781,5,Hooper fort,Davies harbor,14.0,7.0
782,5,Hooper fort,Henderson cliffs,15.5,7.75
783,5,Hooper fort,Ross square,17.0,8.5
784,5,Hooper fort,Julie mountain,18.5,9.25
785,5,Hooper fort,Hill villages,20.0,10.0
786,5,Hooper fort,Daveymouth,21.5,10.75
787,5,Daniels common,Palmer fords,3.5,1.75
788,5,Daniels common,Watkins brooks,5.0,2.5
789,5,Daniels common,Hopkins corner,6.5,3.25
790,5,Daniels common,Holt spur,8.0,4.0
791,5,Daniels common,Cameron meadows,9.5,4.75
792,5,Daniels common,Alison valleys,11.0,5.5
793,5,Daniels common,Davies harbor,12.5,6.25
794,5,Daniels common,Henderson cliffs,14.0,7.0
795,5,Daniels common,Ross square,15.5,7.75
796,5,Daniels common,Julie mountain,17.0,8.5
797,5,Daniels common,Hill villages,18.5,9.25
798,5,Daniels common,Daveymouth,20.0,10.0
799,5,Palmer fords,Watkins brooks,3.5,1.75
800,5,Palmer fords,Hopkins corner,5.0,2.5
801,5,Palmer fords,Holt spur,6.5,3.25
802,5,Palmer fords,Cameron meadows,8.0,4.0
803,5,Palmer fords,Alison valleys,9.5,4.75
804,5,Palmer fords,Davies harbor,11.0,5.5
805,5,Palmer fords,Henderson cliffs,12.5,6.25
806,5,Palmer fords,Ross square,14.0,7.0
807,5,Palmer fords,Julie mountain,15.5,7.75
808,5,Palmer fords,Hill villages,17.0,8.5
809,5,Palmer fords,Daveymouth,18.5,9.25
810,5,Watkins brooks,Hopkins corner,3.5,1.75
811,5,Watkins brooks,Holt spur,5.0,2.5
812,5,Watkins brooks,Cameron meadows,6.5,3.25
813,5,Watkins brooks,Alison valleys,8.0,4.0
814,5,Watkins brooks,Davies harbor,9.5,4.75
815,5,Watkins brooks,Henderson cliffs,11.0,5.5
816,5,Watkins brooks,Ross square,12.5,6.25
817,5,Watkins brooks,Julie mountain,14.0,7.0
818,5,Watkins brooks,Hill villages,15.5,7.75
819,5,Watkins brooks,Daveymouth,17.0,8.5
820,5,Hopkins corner,Holt spur,3.5,1.75
821,5,Hopkins corner,Cameron meadows,5.0,2.5
822,5,Hopkins corner,Alison valleys,6.5,3.25
823,5,Hopkins corner,Davies harbor,8.0,4.0
824,5,Hopkins corner,Henderson cliffs,9.5,4.75
825,5,Hopkins corner,Ross square,11.0,5.5
826,5,Hopkins corner,Julie mountain,12.5,6.25
827,5,Hopkins corner,Hill villages,14.0,7.0
828,5,Hopkins corner,Daveymouth,15.5,7.75
829,5,Holt spur,Cameron meadows,3.5,1.75
830,5,Holt spur,Alison valleys,5.0,2.5
831,5,Holt spur,Davies harbor,6.5,3.25
832,5,Holt spur,Henderson cliffs,8.0,4.0
833,5,Holt spur,Ross square,9.5,4.75
834,5,Holt spur,Julie mountain,11.0,5.5
835,5,Holt spur,Hill villages,12.5,6.25
836,5,Holt spur,Daveymouth,14.0,7.0
837,5,Cameron meadows,Alison valleys,3.5,1.75
838,5,Cameron meadows,Davies harbor,5.0,2.5
839,5,Cameron meadows,Henderson cliffs,6.5,3.25
840,5,Cameron meadows,Ross square,8.0,4.0
841,5,Cameron meadows,Julie mountain,9.5,4.75
842,5,Cameron meadows,Hill villages,11.0,5.5
843,5,Cameron meadows,Daveymouth,12.5,6.25
844,5,Alison valleys,Davies harbor,3.5,1.75
845,5,Alison valleys,Henderson cliffs,5.0,2.5
846,5,Alison valleys,Ross square,6.5,3.25
847,5,Alison valleys,Julie mountain,8.0,4.0
848,5,Alison valleys,Hill villages,9.5,4.75
849,5,Alison valleys,Daveymouth,11.0,5.5
850,5,Davies harbor,Henderson cliffs,3.5,1.75
851,5,Davies harbor,Ross square,5.0,2.5
852,5,Davies harbor,Julie mountain,6.5,3.25
853,5,Davies harbor,Hill villages,8.0,4.0
854,5,Davies harbor,Daveymouth,9.5,4.75
855,5,Henderson cliffs,Ross square,3.5,1.75
856,5,Henderson cliffs,Julie mountain,5.0,2.5
857,5,Henderson cliffs,Hill villages,6.5,3.25
858,5,Henderson cliffs,Daveymouth,8.0,4.0
859,5,Ross square,Julie mountain,3.5,1.75
860,5,Ross square,Hill villages,5.0,2.5
861,5,Ross square,Daveymouth,6.5,3.25
862,5,Julie mountain,Hill villages,3.5,1.75
863,5,Julie mountain,Daveymouth,5.0,2.5
864,5,Hill villages,Daveymouth,3.5,1.75
865,10,Daveymouth,Hill villages,3.5,1.75
866,10,Daveymouth,Julie mountain,5.0,2.5
867,10,Daveymouth,Ross square,6.5,3.25
868,10,Daveymouth,Henderson cliffs,8.0,4.0
869,10,Daveymouth,Davies harbor,9.5,4.75
870,10,Daveymouth,Alison valleys,11.0,5.5
871,10,Daveymouth,Cameron meadows,12.5,6.25
872,10,Daveymouth,Holt spur,14.0,7.0
873,10,Daveymouth,Hopkins corner,15.5,7.75
874,10,Daveymouth,Watkins brooks,17.0,8.5
875,10,Daveymouth,Palmer fords,18.5,9.25
876,10,Daveymouth,Daniels common,20.0,10.0
877,10,Daveymouth,Hooper fort,21.5,10.75
878,10,Daveymouth,Jake mills,23.0,11.5
879,10,Daveymouth,Neil radial,24.5,12.25
880,10,Daveymouth,Port Victoria,26.0,13.0
881,10,Hill villages,Julie mountain,3.5,1.75
882,10,Hill villages,Ross square,5.0,2.5
883,10,Hill villages,Henderson cliffs,6.5,3.25
884,10,Hill villages,Davies harbor,8.0,4.0
885,10,Hill villages,Alison valleys,9.5,4.75
886,10,Hill villages,Cameron meadows,11.0,5.5
887,10,Hill villages,Holt spur,12.5,6.25
888,10,Hill villages,Hopkins corner,14.0,7.0
889,10,Hill villages,Watkins brooks,15.5,7.75
890,10,Hill villages,Palmer fords,17.0,8.5
891,10,Hill villages,Daniels common,18.5,9.25
892,10,Hill villages,Hooper fort,20.0,10.0
893,10,Hill villages,Jake mills,21.5,10.75
894,10,Hill villages,Neil radial,23.0,11.5
895,10,Hill villages,Port Victoria,24.5,12.25
896,10,Julie mountain,Ross square,3.5,1.75
897,10,Julie mountain,Henderson cliffs,5.0,2.5
898,10,Julie mountain,Davies harbor,6.5,3.25
899,10,Julie mountain,Alison valleys,8.0,4.0
900,10,Julie mountain,Cameron meadows,9.5,4.75
901,10,Julie mountain,Holt spur,11.0,5.5
902,10,Julie mountain,Hopkins corner,12.5,6.25
903,10,Julie mountain,Watkins brooks,14.0,7.0
904,10,Julie mountain,Palmer fords,15.5,7.75
905,10,Julie mountain,Daniels common,17.0,8.5
906,10,Julie mountain,Hooper fort,18.5,9.25
907,10,Julie mountain,Jake mills,20.0,10.0
908,10,Julie mountain,Neil radial,21.5,10.75
909,10,Julie mountain,Port Victoria,23.0,11.5
910,10,Ross square,Henderson cliffs,3.5,1.75
911,10,Ross square,Davies harbor,5.0,2.5
912,10,Ross square,Alison valleys,6.5,3.25
913,10,Ross square,Cameron meadows,8.0,4.0
914,10,Ross square,Holt spur,9.5,4.75
915,10,Ross square,Hopkins corner,11.0,5.5
916,10,Ross square,Watkins brooks,12.5,6.25
917,10,Ross square,Palmer fords,14.0,7.0
918,10,Ross square,Daniels common,15.5,7.75
919,10,Ross square,Hooper fort,17.0,8.5
920,10,Ross square,Jake mills,18.5,9.25
921,10,Ross square,Neil radial,20.0,10.0
922,10,Ross square,Port Victoria,21.5,10.75
923,10,Henderson cliffs,Davies harbor,3.5,1.75
924,10,Henderson cliffs,Alison valleys,5.0,2.5
925,10,Henderson cliffs,Cameron meadows,6.5,3.25
926,10,Henderson cliffs,Holt spur,8.0,4.0
927,10,Henderson cliffs,Hopkins corner,9.5,4.75
928,10,Henderson cliffs,Watkins brooks,11.0,5.5
929,10,Henderson cliffs,Palmer fords,12.5,6.25
930,10,Henderson cliffs,Daniels common,14.0,7.0
931,10,Henderson cliffs,Hooper fort,15.5,7.75
932,10,Henderson cliffs,Jake mills,17.0,8.5
933,10,Henderson cliffs,Neil radial,18.5,9.25
934,10,Henderson cliffs,Port Victoria,20.0,10.0
935,10,Davies harbor,Alison valleys,3.5,1.75
936,10,Davies harbor,Cameron meadows,5.0,2.5
937,10,Davies harbor,Holt spur,6.5,3.25
938,10,Davies harbor,Hopkins corner,8.0,4.0
939,10,Davies harbor,Watkins brooks,9.5,4.75
940,10,Davies harbor,Palmer fords,11.0,5.5
941,10,Davies harbor,Daniels common,12.5,6.25
942,10,Davies harbor,Hooper fort,14.0,7.0
943,10,Davies harbor,Jake mills,15.5,7.75
944,10,Davies harbor,Neil radial,17.0,8.5
945,10,Davies harbor,Port Victoria,18.5,9.25
946,10,Alison valleys,Cameron meadows,3.5,1.75
947,10,Alison valleys,Holt spur,5.0,2.5
948,10,Alison valleys,Hopkins corner,6.5,3.25
949,10,Alison valleys,Watkins brooks,8.0,4.0
950,10,Alison valleys,Palmer fords,9.5,4.75
951,10,Alison valleys,Daniels common,11.0,5.5
952,10,Alison valleys,Hooper fort,12.5,6.25
953,10,Alison valleys,Jake mills,14.0,7.0
954,10,Alison valleys,Neil radial,15.5,7.75
955,10,Alison valleys,Port Victoria,17.0,8.5
956,10,Cameron meadows,Holt spur,3.5,1.75
957,10,Cameron meadows,Hopkins corner,5.0,2.5
958,10,Cameron meadows,Watkins brooks,6.5,3.25
959,10,Cameron meadows,Palmer fords,8.0,4.0
960,10,Cameron meadows,Daniels common,9.5,4.75
961,10,Cameron meadows,Hooper fort,11.0,5.5
962,10,Cameron meadows,Jake mills,12.5,6.25
963,10,Cameron meadows,Neil radial,14.0,7.0
964,10,Cameron meadows,Port Victoria,15.5,7.75
965,10,Holt spur,Hopkins corner,3.5,1.75
966,10,Holt spur,Watkins brooks,5.0,2.5
967,10,Holt spur,Palmer fords,6.5,3.25
968,10,Holt spur,Daniels common,8.0,4.0
969,10,Holt spur,Hooper fort,9.5,4.75
970,10,Holt spur,Jake mills,11.0,5.5
971,10,Holt spur,Neil radial,12.5,6.25
972,10,Holt spur,Port Victoria,14.0,7.0
973,10,Hopkins corner,Watkins brooks,3.5,1.75
974,10,Hopkins corner,Palmer fords,5.0,2.5
975,10,Hopkins corner,Daniels common,6.5,3.25
976,10,Hopkins corner,Hooper fort,8.0,4.0
977,10,Hopkins corner,Jake mills,9.5,4.75
978,10,Hopkins corner,Neil radial,11.0,5.5
979,10,Hopkins corner,Port Victoria,12.5,6.25
980,10,Watkins brooks,Palmer fords,3.5,1.75
981,10,Watkins brooks,Daniels common,5.0,2.5
982,10,Watkins brooks,Hooper fort,6.5,3.25
983,10,Watkins brooks,Jake mills,8.0,4.0
984,10,Watkins brooks,Neil radial,9.5,4.75
985,10,Watkins brooks,Port Victoria,11.0,5.5
986,10,Palmer fords,Daniels common,3.5,1.75
987,10,Palmer fords,Hooper fort,5.0,2.5
988,10,Palmer fords,Jake mills,6.5,3.25
989,10,Palmer fords,Neil radial,8.0,4.0
990,10,Palmer fords,Port Victoria,9.5,4.75
991,10,Daniels common,Hooper fort,3.5,1.75
992,10,Daniels common,Jake mills,5.0,2.5
993,10,Daniels common,Neil radial,6.5,3.25
994,10,Daniels common,Port Victoria,8.0,4.0
995,10,Hooper fort,Jake mills,3.5,1.75
996,10,Hooper fort,Neil radial,5.0,2.5
997,10,Hooper fort,Port Victoria,6.5,3.25
998,10,Jake mills,Neil radial,3.5,1.75
999,10,Jake mills,Port Victoria,5.0,2.5
1000,10,Neil radial,Port Victoria,3.5,1.75
