row_wid,Customer_wid,Driver_wid,Bus_id,Route_num,Departure_stop,Arrival_stop,Price_adult,Price_child,no_of_adults,no_of_children,pass,ticket_date_time,total_price
1,6,19,5,3,Lauren courts,Jeffrey squares,12.5,6.25,3,1,yes,2024-11-17 01:20:00,31.25
2,18,43,7,4,Williams loop,Diane gateway,9.5,4.75,1,0,yes,2024-11-12 00:20:00,0.0
3,11,13,8,9,Laura canyon,Jennifer views,3.5,1.75,3,2,yes,2024-11-06 00:40:00,10.5
4,42,47,5,3,Davies ferry,Brenda river,5.0,2.5,2,0,yes,2024-11-17 01:40:00,5.0
5,6,41,1,1,South Melanie,Karen turnpike,8.0,4.0,1,1,yes,2024-11-15 00:00:00,4.0
6,49,10,10,10,Julie mountain,Port Victoria,23.0,11.5,3,2,yes,2024-11-02 00:20:00,69.0
7,43,22,10,10,Hill villages,Julie mountain,3.5,1.75,1,0,yes,2024-11-12 00:10:00,0.0
8,48,25,10,10,Davies harbor,Holt spur,6.5,3.25,1,1,yes,2024-11-09 00:50:00,3.25
9,16,42,10,10,Hill villages,Palmer fords,17.0,8.5,2,0,yes,2024-11-12 00:10:00,17.0
10,26,12,10,10,Julie mountain,Hopkins corner,12.5,6.25,3,1,yes,2024-11-12 00:20:00,31.25
11,33,28,10,10,Hopkins corner,Neil radial,11.0,5.5,2,2,yes,2024-11-15 01:30:00,22.0
12,4,32,7,4,Williams loop,Shane harbors,3.5,1.75,3,0,yes,2024-11-10 00:20:00,7.0
13,5,28,9,5,Cameron meadows,Davies harbor,5.0,2.5,3,2,yes,2024-11-19 01:30:00,15.0
14,6,7,5,3,Marilyn junctions,Jeffrey squares,14.0,7.0,3,2,yes,2024-11-19 01:10:00,42.0
15,46,29,1,1,South Melanie,Murray causeway,12.5,6.25,2,2,yes,2024-11-18 00:00:00,25.0
16,36,20,8,9,Collins vista,Jennifer views,5.0,2.5,2,1,yes,2024-11-21 00:30:00,7.5
17,18,27,1,1,Lauren fall,Murray causeway,9.5,4.75,3,1,yes,2024-11-19 00:20:00,23.75
18,42,48,4,7,West Terryside,Davies ranch,15.5,7.75,3,1,yes,2024-11-12 00:00:00,38.75
19,47,25,1,1,Lauren fall,Lake Maureen,17.0,8.5,2,1,yes,2024-11-14 00:20:00,25.5
20,7,11,4,7,Hall ways,Andrea knolls,12.5,6.25,1,2,yes,2024-11-09 00:50:00,12.5
21,32,27,1,1,Moore shoal,Murray point,5.0,2.5,3,1,yes,2024-11-09 01:00:00,12.5
22,50,8,1,1,Lauren fall,Murray point,11.0,5.5,3,1,yes,2024-11-05 00:20:00,27.5
23,25,34,2,6,Laura shores,South Melanie,9.5,4.75,3,2,yes,2024-11-10 01:10:00,28.5
24,11,11,2,6,Lake Maureen,Murray causeway,9.5,4.75,2,0,yes,2024-11-19 00:00:00,9.5
25,22,47,1,1,Laura shores,Murray point,6.5,3.25,1,0,yes,2024-11-15 00:50:00,0.0
26,27,17,4,7,Sharp lane,Davies ranch,3.5,1.75,1,0,yes,2024-11-17 01:20:00,0.0
27,45,2,3,2,Dorothy court,Khan mall,18.5,9.25,1,0,yes,2024-11-12 00:10:00,0.0
28,42,1,2,6,Murray point,Mitchell walk,12.5,6.25,2,0,yes,2024-11-01 00:40:00,12.5
29,25,13,10,10,Holt spur,Palmer fords,6.5,3.25,1,1,yes,2024-11-19 01:20:00,3.25
30,40,22,8,9,Diane gateway,Laura canyon,5.0,2.5,1,0,yes,2024-11-13 00:20:00,0.0
31,33,43,1,1,Murray causeway,Rogers lock,8.0,4.0,3,0,yes,2024-11-04 01:10:00,16.0
32,2,35,8,9,Ashleigh points,Jennifer views,8.0,4.0,1,0,yes,2024-11-04 00:10:00,0.0
33,,15,3,2,Hazel brooks,Jack mountain,8.0,4.0,2,2,no,2024-11-16 00:40:00,24.0
34,25,28,7,4,Diane gateway,Port Ryanside,5.0,2.5,2,0,yes,2024-11-17 01:10:00,5.0
35,21,28,4,7,Donald corner,Andrea knolls,14.0,7.0,1,0,yes,2024-11-16 00:40:00,0.0
36,15,32,3,2,Hall ways,Khan mall,6.5,3.25,2,0,yes,2024-11-09 01:30:00,6.5
37,43,12,7,4,Shane harbors,Port Ryanside,11.0,5.5,1,2,yes,2024-11-19 00:30:00,11.0
38,20,20,5,3,Smith divide,Lauren courts,6.5,3.25,3,0,yes,2024-11-08 00:50:00,13.0
39,35,44,1,1,Thomas glens,Green loaf,12.5,6.25,1,1,yes,2024-11-07 00:30:00,6.25
40,,13,5,3,East Martin,Jodie island,3.5,1.75,1,0,no,2024-11-05 00:00:00,3.5
41,9,50,8,9,Shane harbors,O'Brien fork,5.0,2.5,3,2,yes,2024-11-15 01:00:00,15.0
42,17,44,7,4,East Nathanhaven,Laura canyon,9.5,4.75,1,1,yes,2024-11-05 00:00:00,4.75
43,31,42,4,7,Khan mall,Donald corner,5.0,2.5,3,2,yes,2024-11-14 00:20:00,15.0
44,32,26,8,9,Ashleigh points,O'Brien fork,12.5,6.25,3,2,yes,2024-11-10 00:10:00,37.5
45,42,13,7,4,Laura canyon,Ashleigh points,6.5,3.25,3,2,yes,2024-11-17 00:50:00,19.5
46,3,33,6,8,Owen throughway,Jodie island,5.0,2.5,2,1,yes,2024-11-04 02:10:00,7.5
47,40,13,7,4,O'Brien fork,Port Ryanside,14.0,7.0,1,1,yes,2024-11-09 00:10:00,7.0
48,1,44,4,7,Davies ranch,Hazel brooks,3.5,1.75,1,1,yes,2024-11-07 01:30:00,1.75
49,36,5,2,6,Karen turnpike,Mitchell walk,6.5,3.25,2,1,yes,2024-11-09 01:20:00,9.75
50,29,1,9,5,Hopkins corner,Henderson cliffs,9.5,4.75,3,2,yes,2024-11-05 01:10:00,28.5
51,8,35,10,10,Daniels common,Hooper fort,3.5,1.75,1,0,yes,2024-11-12 02:00:00,0.0
52,6,48,6,8,Brenda river,Hall brooks,3.5,1.75,2,1,yes,2024-11-08 00:40:00,5.25
53,7,21,5,3,Smith divide,Brenda river,12.5,6.25,2,0,yes,2024-11-02 00:50:00,12.5
54,3,7,2,6,Green loaf,Murray point,5.0,2.5,3,0,yes,2024-11-07 00:20:00,10.0
55,11,4,5,3,Smith divide,Davies ferry,9.5,4.75,1,0,yes,2024-11-04 00:50:00,0.0
56,33,47,4,7,Scott ways,Dorothy court,5.0,2.5,3,0,yes,2024-11-08 01:50:00,10.0
57,13,38,7,4,O'Brien fork,Port Ryanside,14.0,7.0,1,1,yes,2024-11-22 00:10:00,7.0
58,37,38,10,10,Daveymouth,Davies harbor,9.5,4.75,3,2,yes,2024-11-16 00:00:00,28.5
59,50,34,7,4,O'Brien fork,Ashleigh points,12.5,6.25,2,0,yes,2024-11-02 00:10:00,12.5
60,11,16,6,8,Stephanie unions,Swift ports,15.5,7.75,1,2,yes,2024-11-14 00:30:00,15.5
61,26,27,3,2,Khan mall,West Terryside,5.0,2.5,3,0,yes,2024-11-19 02:00:00,10.0
62,3,45,4,7,Jack mountain,Hazel brooks,8.0,4.0,1,2,yes,2024-11-19 01:00:00,8.0
63,2,2,4,7,Hall ways,Jack mountain,3.5,1.75,3,2,yes,2024-11-19 00:50:00,10.5
64,32,34,3,2,Hazel brooks,Donald corner,11.0,5.5,3,0,yes,2024-11-21 00:40:00,22.0
65,50,14,5,3,Jodie island,Hall brooks,17.0,8.5,1,1,yes,2024-11-07 00:10:00,8.5
66,45,48,5,3,Roberts knolls,Davies ferry,3.5,1.75,1,2,yes,2024-11-18 01:30:00,3.5
67,44,46,7,4,East Nathanhaven,Diane gateway,12.5,6.25,2,2,yes,2024-11-16 00:00:00,25.0
68,7,5,10,10,Palmer fords,Hooper fort,5.0,2.5,2,0,yes,2024-11-05 01:50:00,5.0
69,20,2,7,4,East Nathanhaven,Shane harbors,6.5,3.25,2,2,yes,2024-11-15 00:00:00,13.0
70,,27,7,4,Collins vista,Port Ryanside,6.5,3.25,1,1,no,2024-11-05 01:00:00,9.75
71,34,6,6,8,Jeffrey squares,Peter road,15.5,7.75,1,2,yes,2024-11-08 00:10:00,15.5
72,13,25,3,2,Jack mountain,West Terryside,11.0,5.5,3,2,yes,2024-11-19 01:20:00,33.0
73,5,17,8,9,Shane harbors,East Nathanhaven,6.5,3.25,2,0,yes,2024-11-06 01:00:00,6.5
74,,36,8,9,Collins vista,O'Brien fork,9.5,4.75,2,2,no,2024-11-12 00:30:00,28.5
75,38,26,6,8,Clare river,Jodie island,21.5,10.75,2,0,yes,2024-11-17 00:20:00,21.5
76,18,1,5,3,Swift ports,Stephanie unions,15.5,7.75,1,2,yes,2024-11-13 00:40:00,15.5
77,9,19,4,7,Sharp lane,Hazel brooks,5.0,2.5,3,2,yes,2024-11-21 01:20:00,15.0
78,10,42,1,1,Laura shores,Thomas common,8.0,4.0,1,2,yes,2024-11-10 00:50:00,8.0
79,49,29,10,10,Davies harbor,Watkins brooks,9.5,4.75,1,1,yes,2024-11-16 00:50:00,4.75
80,24,28,7,4,Diane gateway,Port Ryanside,5.0,2.5,3,0,yes,2024-11-19 01:10:00,10.0
81,26,48,3,2,Andrea knolls,Hall ways,12.5,6.25,3,1,yes,2024-11-20 00:20:00,31.25
82,5,34,7,4,Collins vista,Diane gateway,3.5,1.75,3,2,yes,2024-11-12 01:00:00,10.5
83,,28,5,3,Roberts knolls,Brenda river,6.5,3.25,2,2,no,2024-11-09 01:30:00,19.5
84,31,36,7,4,Laura canyon,Ashleigh points,6.5,3.25,3,1,yes,2024-11-15 00:50:00,16.25
85,43,15,3,2,Jack mountain,Hall ways,3.5,1.75,3,0,yes,2024-11-03 01:20:00,7.0
86,10,23,3,2,Andrea knolls,Davies ranch,6.5,3.25,2,1,yes,2024-11-17 00:20:00,9.75
87,27,33,3,2,Hall ways,West Terryside,9.5,4.75,1,2,yes,2024-11-18 01:30:00,9.5
88,11,47,6,8,Marcusfurt,Smith divide,18.5,9.25,2,1,yes,2024-11-09 00:00:00,27.75
89,19,27,10,10,Davies harbor,Hopkins corner,8.0,4.0,2,2,yes,2024-11-21 00:50:00,16.0
90,21,12,5,3,Lauren courts,Clare river,11.0,5.5,3,1,yes,2024-11-18 01:20:00,27.5
91,27,42,2,6,Green loaf,South Melanie,17.0,8.5,1,0,yes,2024-11-17 00:20:00,0.0
92,12,38,3,2,Dorothy court,Edwards junctions,20.0,10.0,1,1,yes,2024-11-13 00:10:00,10.0
93,2,12,4,7,Edwards junctions,Port Russell,21.5,10.75,3,0,yes,2024-11-11 00:10:00,43.0
94,46,44,1,1,Laura shores,Thomas common,8.0,4.0,3,1,yes,2024-11-04 00:50:00,20.0
95,4,13,1,1,Laura shores,Rogers lock,11.0,5.5,1,0,yes,2024-11-01 00:50:00,0.0
96,21,29,2,6,Murray causeway,Laura shores,5.0,2.5,2,1,yes,2024-11-09 00:50:00,7.5
97,26,41,2,6,Rogers lock,South Melanie,18.5,9.25,2,2,yes,2024-11-18 00:10:00,37.0
98,25,34,9,5,Palmer fords,Henderson cliffs,12.5,6.25,3,0,yes,2024-11-01 00:50:00,25.0
99,50,18,10,10,Daveymouth,Holt spur,14.0,7.0,3,2,yes,2024-11-06 00:00:00,42.0
100,3,36,7,4,Shane harbors,Laura canyon,5.0,2.5,3,1,yes,2024-11-15 00:30:00,12.5
101,32,30,10,10,Daniels common,Hooper fort,3.5,1.75,1,0,yes,2024-11-13 02:00:00,0.0
102,34,39,5,3,Stephanie unions,Clare river,3.5,1.75,3,0,yes,2024-11-11 02:10:00,7.0
103,50,38,7,4,East Nathanhaven,Collins vista,11.0,5.5,2,0,yes,2024-11-19 00:00:00,11.0
104,7,19,1,1,Murray point,Green loaf,5.0,2.5,1,0,yes,2024-11-09 01:20:00,0.0
105,36,11,10,10,Davies harbor,Alison valleys,3.5,1.75,3,1,yes,2024-11-18 00:50:00,8.75
106,20,22,10,10,Alison valleys,Palmer fords,9.5,4.75,3,1,yes,2024-11-11 01:00:00,23.75
107,25,42,5,3,Roberts knolls,Clare river,9.5,4.75,3,2,yes,2024-11-04 01:30:00,28.5
108,32,38,7,4,Shane harbors,Collins vista,6.5,3.25,3,1,yes,2024-11-14 00:30:00,16.25
109,43,41,9,5,Neil radial,Daniels common,6.5,3.25,1,0,yes,2024-11-19 00:10:00,0.0
110,48,1,4,7,Scott ways,Andrea knolls,3.5,1.75,3,2,yes,2024-11-04 01:50:00,10.5
111,22,36,4,7,West Terryside,Khan mall,5.0,2.5,3,1,yes,2024-11-18 00:00:00,12.5
112,22,16,7,4,East Nathanhaven,Port Ryanside,15.5,7.75,3,0,yes,2024-11-09 00:00:00,31.0
113,13,26,5,3,Jodie island,Davies ferry,15.5,7.75,2,2,yes,2024-11-18 00:10:00,31.0
114,16,12,3,2,Dorothy court,West Terryside,21.5,10.75,2,2,yes,2024-11-04 00:10:00,43.0
115,41,20,3,2,Davies ranch,Donald corner,9.5,4.75,2,1,yes,2024-11-05 00:50:00,14.25
116,26,40,9,5,Hooper fort,Ross square,17.0,8.5,2,0,yes,2024-11-11 00:30:00,17.0
117,49,42,10,10,Henderson cliffs,Hooper fort,15.5,7.75,2,2,yes,2024-11-04 00:40:00,31.0
118,,27,10,10,Daveymouth,Julie mountain,5.0,2.5,2,1,no,2024-11-13 00:00:00,12.5
119,49,47,9,5,Port Victoria,Palmer fords,9.5,4.75,2,1,yes,2024-11-20 00:00:00,14.25
120,41,44,9,5,Palmer fords,Cameron meadows,8.0,4.0,1,2,yes,2024-11-09 00:50:00,8.0
121,49,42,8,9,Laura canyon,Williams loop,6.5,3.25,3,2,yes,2024-11-13 00:40:00,19.5
122,20,4,2,6,Moore shoal,Karen turnpike,5.0,2.5,2,1,yes,2024-11-11 01:00:00,7.5
123,49,2,1,1,Rogers lock,Lake Maureen,3.5,1.75,1,1,yes,2024-11-01 01:50:00,1.75
124,41,45,1,1,South Melanie,Karen turnpike,8.0,4.0,2,1,yes,2024-11-14 00:00:00,12.0
125,14,48,9,5,Davies harbor,Julie mountain,6.5,3.25,1,1,yes,2024-11-19 01:50:00,3.25
126,4,22,1,1,Moore shoal,Lake Maureen,11.0,5.5,1,0,yes,2024-11-20 01:00:00,0.0
127,50,18,8,9,Collins vista,Laura canyon,3.5,1.75,3,0,yes,2024-11-05 00:30:00,7.0
128,17,34,10,10,Julie mountain,Ross square,3.5,1.75,1,1,yes,2024-11-05 00:20:00,1.75
129,39,41,3,2,Andrea knolls,Sharp lane,8.0,4.0,3,1,yes,2024-11-21 00:20:00,20.0
130,36,27,5,3,Jodie island,Brenda river,18.5,9.25,2,1,yes,2024-11-05 00:10:00,27.75
131,42,49,9,5,Holt spur,Hill villages,12.5,6.25,2,1,yes,2024-11-12 01:20:00,18.75
132,26,46,4,7,Hall ways,Jack mountain,3.5,1.75,1,0,yes,2024-11-12 00:50:00,0.0
133,15,38,5,3,Lewis forks,Marilyn junctions,9.5,4.75,3,1,yes,2024-11-21 00:20:00,23.75
134,31,10,7,4,East Nathanhaven,Williams loop,5.0,2.5,1,1,yes,2024-11-12 00:00:00,2.5
135,45,17,7,4,East Nathanhaven,Port Ryanside,15.5,7.75,1,0,yes,2024-11-11 00:00:00,0.0
136,12,34,9,5,Port Victoria,Cameron meadows,15.5,7.75,2,0,yes,2024-11-06 00:00:00,15.5
137,44,22,5,3,Davies ferry,Jeffrey squares,9.5,4.75,2,0,yes,2024-11-02 01:40:00,9.5
138,33,2,2,6,Lake Maureen,Murray point,8.0,4.0,3,2,yes,2024-11-07 00:00:00,24.0
139,47,3,5,3,Lewis forks,Jeffrey squares,21.5,10.75,2,0,yes,2024-11-12 00:20:00,21.5
140,48,21,9,5,Watkins brooks,Ross square,12.5,6.25,2,1,yes,2024-11-19 01:00:00,18.75
141,50,40,6,8,Brenda river,Roberts knolls,6.5,3.25,2,2,yes,2024-11-16 00:40:00,13.0
142,3,11,9,5,Port Victoria,Davies harbor,18.5,9.25,3,1,yes,2024-11-15 00:00:00,46.25
143,21,44,8,9,Jennifer views,Williams loop,5.0,2.5,3,1,yes,2024-11-03 00:50:00,12.5
144,25,27,3,2,Andrea knolls,Donald corner,14.0,7.0,3,0,yes,2024-11-13 00:20:00,28.0
145,2,29,9,5,Watkins brooks,Henderson cliffs,11.0,5.5,1,1,yes,2024-11-08 01:00:00,5.5
146,47,9,8,9,Collins vista,Shane harbors,6.5,3.25,2,2,yes,2024-11-10 00:30:00,13.0
147,44,23,6,8,Hall brooks,Smith divide,11.0,5.5,2,1,yes,2024-11-15 00:50:00,16.5
148,,8,1,1,Thomas common,Lake Maureen,6.5,3.25,3,1,no,2024-11-07 01:30:00,22.75
149,,6,6,8,Clare river,Smith divide,15.5,7.75,1,1,no,2024-11-18 00:20:00,23.25
150,17,10,9,5,Watkins brooks,Julie mountain,14.0,7.0,1,2,yes,2024-11-09 01:00:00,14.0
151,50,19,1,1,Murray causeway,Rogers lock,8.0,4.0,2,1,yes,2024-11-02 01:10:00,12.0
152,8,25,5,3,Jodie island,Lewis forks,3.5,1.75,3,1,yes,2024-11-08 00:10:00,8.75
153,20,25,7,4,Diane gateway,Ashleigh points,3.5,1.75,1,0,yes,2024-11-01 01:10:00,0.0
154,31,40,5,3,Jodie island,Marcusfurt,24.5,12.25,3,2,yes,2024-11-15 00:10:00,73.5
155,42,2,6,8,Jeffrey squares,Clare river,3.5,1.75,3,0,yes,2024-11-07 00:10:00,7.0
156,26,19,3,2,Scott ways,Sharp lane,6.5,3.25,3,2,yes,2024-11-01 00:30:00,19.5
157,42,34,7,4,O'Brien fork,Shane harbors,5.0,2.5,3,1,yes,2024-11-06 00:10:00,12.5
158,49,32,3,2,Sharp lane,Gregory lodge,9.5,4.75,3,0,yes,2024-11-21 01:00:00,19.0
159,42,36,9,5,Neil radial,Ross square,20.0,10.0,1,0,yes,2024-11-09 00:10:00,0.0
160,31,41,1,1,South Melanie,Karen turnpike,8.0,4.0,2,2,yes,2024-11-09 00:00:00,16.0
161,9,26,4,7,Gregory lodge,Davies ranch,11.0,5.5,2,0,yes,2024-11-17 00:30:00,11.0
162,46,19,7,4,Jennifer views,Diane gateway,6.5,3.25,3,1,yes,2024-11-11 00:40:00,16.25
163,37,11,1,1,Karen turnpike,Laura shores,3.5,1.75,3,2,yes,2024-11-20 00:40:00,10.5
164,17,45,4,7,Gregory lodge,Hall ways,5.0,2.5,2,0,yes,2024-11-07 00:30:00,5.0
165,13,22,2,6,Rogers lock,Laura shores,11.0,5.5,1,0,yes,2024-11-18 00:10:00,0.0
166,40,26,6,8,Brenda river,Hall brooks,3.5,1.75,1,2,yes,2024-11-11 00:40:00,3.5
167,1,35,7,4,Jennifer views,Laura canyon,3.5,1.75,1,1,yes,2024-11-01 00:40:00,1.75
168,25,42,8,9,Jennifer views,Williams loop,5.0,2.5,1,2,yes,2024-11-01 00:50:00,5.0
169,21,9,3,2,Dorothy court,Gregory lodge,17.0,8.5,3,0,yes,2024-11-11 00:10:00,34.0
170,,36,4,7,Donald corner,Andrea knolls,14.0,7.0,1,0,no,2024-11-04 00:40:00,14.0
171,36,38,5,3,East Martin,Marcusfurt,26.0,13.0,3,1,yes,2024-11-07 00:00:00,65.0
172,27,37,5,3,East Martin,Marilyn junctions,12.5,6.25,2,2,yes,2024-11-18 00:00:00,25.0
173,30,46,6,8,Brenda river,Swift ports,14.0,7.0,3,1,yes,2024-11-02 00:40:00,35.0
174,45,11,8,9,Ashleigh points,Diane gateway,3.5,1.75,1,1,yes,2024-11-12 00:10:00,1.75
175,43,46,9,5,Jake mills,Watkins brooks,8.0,4.0,3,1,yes,2024-11-07 00:20:00,20.0
176,36,19,10,10,Holt spur,Hopkins corner,3.5,1.75,2,1,yes,2024-11-03 01:20:00,5.25
177,46,16,3,2,Jack mountain,Edwards junctions,9.5,4.75,2,0,yes,2024-11-02 01:20:00,9.5
178,20,5,4,7,West Terryside,Mohammed parks,12.5,6.25,2,0,yes,2024-11-02 00:00:00,12.5
179,44,40,3,2,Sharp lane,Khan mall,11.0,5.5,2,0,yes,2024-11-01 01:00:00,11.0
180,19,13,8,9,Laura canyon,East Nathanhaven,9.5,4.75,2,1,yes,2024-11-05 00:40:00,14.25
181,49,28,6,8,Jeffrey squares,Davies ferry,9.5,4.75,3,1,yes,2024-11-02 00:10:00,23.75
182,14,14,9,5,Hopkins corner,Ross square,11.0,5.5,1,1,yes,2024-11-02 01:10:00,5.5
183,27,33,2,6,Moore shoal,Mitchell walk,9.5,4.75,3,1,yes,2024-11-05 01:00:00,23.75
184,11,42,2,6,Rogers lock,Mitchell walk,17.0,8.5,1,2,yes,2024-11-03 00:10:00,17.0
185,4,41,5,3,Jodie island,Jeffrey squares,23.0,11.5,2,0,yes,2024-11-13 00:10:00,23.0
186,5,46,10,10,Hooper fort,Port Victoria,6.5,3.25,2,0,yes,2024-11-11 02:10:00,6.5
187,18,31,4,7,Donald corner,Port Russell,17.0,8.5,1,2,yes,2024-11-11 00:40:00,17.0
188,40,20,4,7,Gregory lodge,Dorothy court,17.0,8.5,2,0,yes,2024-11-17 00:30:00,17.0
189,,24,2,6,Karen turnpike,Mitchell walk,6.5,3.25,1,1,no,2024-11-13 01:20:00,9.75
190,43,10,4,7,Edwards junctions,Hall ways,8.0,4.0,2,0,yes,2024-11-13 00:10:00,8.0
191,18,15,1,1,Murray causeway,Murray point,3.5,1.75,2,2,yes,2024-11-14 01:10:00,7.0
192,29,2,5,3,Owen throughway,Lauren courts,9.5,4.75,3,1,yes,2024-11-07 00:30:00,23.75
193,7,30,10,10,Julie mountain,Hopkins corner,12.5,6.25,1,2,yes,2024-11-16 00:20:00,12.5
194,,13,1,1,Thomas glens,Laura shores,5.0,2.5,3,2,no,2024-11-17 00:30:00,20.0
195,42,45,6,8,Roberts knolls,Lewis forks,12.5,6.25,1,0,yes,2024-11-08 01:10:00,0.0
196,33,21,3,2,Andrea knolls,Edwards junctions,18.5,9.25,2,2,yes,2024-11-15 00:20:00,37.0
197,6,33,4,7,Edwards junctions,Jack mountain,9.5,4.75,3,2,yes,2024-11-14 00:10:00,28.5
198,42,13,5,3,East Martin,Hall brooks,18.5,9.25,3,1,yes,2024-11-10 00:00:00,46.25
199,43,11,3,2,Port Russell,Donald corner,17.0,8.5,2,1,yes,2024-11-04 00:00:00,25.5
200,50,16,7,4,Jennifer views,Diane gateway,6.5,3.25,1,1,yes,2024-11-19 00:40:00,3.25
201,42,34,1,1,South Melanie,Moore shoal,11.0,5.5,1,0,yes,2024-11-06 00:00:00,0.0
202,30,16,9,5,Hopkins corner,Daveymouth,15.5,7.75,3,1,yes,2024-11-14 01:10:00,38.75
203,46,49,4,7,Khan mall,Mohammed parks,9.5,4.75,2,2,yes,2024-11-19 00:20:00,19.0
204,17,17,1,1,Murray causeway,Rogers lock,8.0,4.0,2,1,yes,2024-11-21 01:10:00,12.0
205,13,43,10,10,Hill villages,Davies harbor,8.0,4.0,3,0,yes,2024-11-14 00:10:00,16.0
206,30,18,8,9,Shane harbors,East Nathanhaven,6.5,3.25,2,0,yes,2024-11-09 01:00:00,6.5
207,42,46,8,9,Ashleigh points,East Nathanhaven,14.0,7.0,2,1,yes,2024-11-02 00:10:00,21.0
208,2,3,9,5,Ross square,Julie mountain,3.5,1.75,2,0,yes,2024-11-19 02:10:00,3.5
209,29,43,9,5,Holt spur,Davies harbor,6.5,3.25,3,1,yes,2024-11-18 01:20:00,16.25
210,14,35,9,5,Hopkins corner,Ross square,11.0,5.5,1,0,yes,2024-11-16 01:10:00,0.0
211,17,20,2,6,Green loaf,Karen turnpike,11.0,5.5,3,1,yes,2024-11-16 00:20:00,27.5
212,15,20,9,5,Holt spur,Henderson cliffs,8.0,4.0,1,0,yes,2024-11-03 01:20:00,0.0
213,30,43,5,3,Owen throughway,Jeffrey squares,20.0,10.0,2,2,yes,2024-11-16 00:30:00,40.0
214,1,31,2,6,Lake Maureen,Rogers lock,3.5,1.75,1,1,yes,2024-11-12 00:00:00,1.75
215,17,18,10,10,Hill villages,Cameron meadows,11.0,5.5,1,1,yes,2024-11-15 00:10:00,5.5
216,4,38,9,5,Palmer fords,Hopkins corner,5.0,2.5,2,1,yes,2024-11-21 00:50:00,7.5
217,11,2,10,10,Alison valleys,Port Victoria,17.0,8.5,3,2,yes,2024-11-01 01:00:00,51.0
218,44,20,5,3,Lewis forks,Smith divide,6.5,3.25,2,1,yes,2024-11-10 00:20:00,9.75
219,38,24,9,5,Hopkins corner,Holt spur,3.5,1.75,1,1,yes,2024-11-20 01:10:00,1.75
220,29,32,8,9,Port Ryanside,O'Brien fork,14.0,7.0,3,1,yes,2024-11-15 00:00:00,35.0
221,24,50,6,8,Hall brooks,Lauren courts,6.5,3.25,3,1,yes,2024-11-04 00:50:00,16.25
222,28,32,1,1,Karen turnpike,Laura shores,3.5,1.75,2,2,yes,2024-11-16 00:40:00,7.0
223,18,43,2,6,Thomas glens,Lauren fall,3.5,1.75,2,2,yes,2024-11-18 01:30:00,7.0
224,6,50,7,4,O'Brien fork,Jennifer views,6.5,3.25,2,1,yes,2024-11-17 00:10:00,9.75
225,19,42,4,7,Gregory lodge,Sharp lane,9.5,4.75,1,0,yes,2024-11-16 00:30:00,0.0
226,11,41,8,9,Port Ryanside,O'Brien fork,14.0,7.0,2,1,yes,2024-11-03 00:00:00,21.0
227,21,31,1,1,Thomas glens,Green loaf,12.5,6.25,1,0,yes,2024-11-18 00:30:00,0.0
228,10,45,4,7,West Terryside,Gregory lodge,6.5,3.25,1,1,yes,2024-11-21 00:00:00,3.25
229,40,15,1,1,Lauren fall,Moore shoal,8.0,4.0,2,0,yes,2024-11-06 00:20:00,8.0
230,40,44,3,2,Hazel brooks,Davies ranch,3.5,1.75,2,1,yes,2024-11-03 00:40:00,5.25
231,27,33,5,3,Lewis forks,Lauren courts,11.0,5.5,3,0,yes,2024-11-19 00:20:00,22.0
232,10,19,1,1,Murray point,Rogers lock,6.5,3.25,1,2,yes,2024-11-12 01:20:00,6.5
233,23,2,9,5,Jake mills,Hooper fort,3.5,1.75,2,2,yes,2024-11-18 00:20:00,7.0
234,18,20,9,5,Neil radial,Hill villages,23.0,11.5,3,2,yes,2024-11-19 00:10:00,69.0
235,17,50,10,10,Hill villages,Neil radial,23.0,11.5,1,1,yes,2024-11-14 00:10:00,11.5
236,27,39,6,8,Marcusfurt,Brenda river,8.0,4.0,1,1,yes,2024-11-12 00:00:00,4.0
237,6,29,2,6,Lake Maureen,Moore shoal,11.0,5.5,2,1,yes,2024-11-22 00:00:00,16.5
238,25,11,5,3,Peter road,Davies ferry,8.0,4.0,3,0,yes,2024-11-14 01:00:00,16.0
239,40,16,4,7,West Terryside,Gregory lodge,6.5,3.25,1,1,yes,2024-11-13 00:00:00,3.25
240,19,39,8,9,Jennifer views,East Nathanhaven,8.0,4.0,2,0,yes,2024-11-16 00:50:00,8.0
241,14,45,7,4,Laura canyon,Collins vista,3.5,1.75,1,1,yes,2024-11-22 00:50:00,1.75
242,42,4,5,3,Peter road,Roberts knolls,6.5,3.25,2,0,yes,2024-11-21 01:00:00,6.5
243,45,3,8,9,Jennifer views,Williams loop,5.0,2.5,2,2,yes,2024-11-21 00:50:00,10.0
244,11,6,5,3,Marilyn junctions,Jeffrey squares,14.0,7.0,1,0,yes,2024-11-14 01:10:00,0.0
245,37,23,6,8,Lauren courts,East Martin,14.0,7.0,3,1,yes,2024-11-16 01:20:00,35.0
246,34,36,10,10,Cameron meadows,Jake mills,12.5,6.25,2,2,yes,2024-11-11 01:10:00,25.0
247,44,20,1,1,Thomas glens,Lake Maureen,15.5,7.75,3,1,yes,2024-11-09 00:30:00,38.75
248,17,14,8,9,Jennifer views,East Nathanhaven,8.0,4.0,1,1,yes,2024-11-21 00:50:00,4.0
249,14,31,2,6,Lake Maureen,Laura shores,12.5,6.25,2,1,yes,2024-11-21 00:00:00,18.75
250,22,11,2,6,Mitchell walk,South Melanie,3.5,1.75,1,0,yes,2024-11-15 01:50:00,0.0
251,6,20,6,8,Lauren courts,Peter road,5.0,2.5,3,2,yes,2024-11-07 01:20:00,15.0
252,45,18,3,2,Davies ranch,Jack mountain,6.5,3.25,3,0,yes,2024-11-17 00:50:00,13.0
253,41,25,8,9,Ashleigh points,Shane harbors,9.5,4.75,2,1,yes,2024-11-07 00:10:00,14.25
254,35,38,5,3,Jodie island,Stephanie unions,20.0,10.0,1,0,yes,2024-11-11 00:10:00,0.0
255,9,46,5,3,Lauren courts,Brenda river,8.0,4.0,2,0,yes,2024-11-05 01:20:00,8.0
256,21,10,2,6,Green loaf,Karen turnpike,11.0,5.5,3,0,yes,2024-11-02 00:20:00,22.0
257,3,4,9,5,Neil radial,Davies harbor,17.0,8.5,1,1,yes,2024-11-07 00:10:00,8.5
258,31,37,2,6,Lake Maureen,Murray point,8.0,4.0,1,2,yes,2024-11-09 00:00:00,8.0
259,3,47,3,2,Sharp lane,Edwards junctions,12.5,6.25,2,1,yes,2024-11-03 01:00:00,18.75
260,37,18,10,10,Julie mountain,Davies harbor,6.5,3.25,1,1,yes,2024-11-05 00:20:00,3.25
261,50,34,5,3,Peter road,Davies ferry,8.0,4.0,3,2,yes,2024-11-09 01:00:00,24.0
262,45,48,2,6,Green loaf,Thomas common,3.5,1.75,1,0,yes,2024-11-21 00:20:00,0.0
263,14,10,7,4,Williams loop,Collins vista,8.0,4.0,1,2,yes,2024-11-12 00:20:00,8.0
264,46,36,6,8,Jeffrey squares,Roberts knolls,11.0,5.5,1,1,yes,2024-11-02 00:10:00,5.5
265,30,25,9,5,Palmer fords,Hill villages,17.0,8.5,1,0,yes,2024-11-04 00:50:00,0.0
266,30,35,9,5,Ross square,Daveymouth,6.5,3.25,3,2,yes,2024-11-22 02:10:00,19.5
267,3,1,1,1,Moore shoal,Rogers lock,9.5,4.75,2,2,yes,2024-11-12 01:00:00,19.0
268,35,12,1,1,Thomas common,Green loaf,3.5,1.75,1,1,yes,2024-11-21 01:30:00,1.75
269,47,30,6,8,Davies ferry,East Martin,17.0,8.5,1,2,yes,2024-11-21 01:00:00,17.0
270,23,50,9,5,Holt spur,Daveymouth,14.0,7.0,1,1,yes,2024-11-14 01:20:00,7.0
271,26,7,1,1,Laura shores,Murray causeway,5.0,2.5,2,1,yes,2024-11-10 00:50:00,7.5
272,41,16,6,8,Marcusfurt,Smith divide,18.5,9.25,3,0,yes,2024-11-09 00:00:00,37.0
273,2,25,9,5,Alison valleys,Daveymouth,11.0,5.5,3,2,yes,2024-11-22 01:40:00,33.0
274,18,4,8,9,Port Ryanside,Williams loop,12.5,6.25,1,0,yes,2024-11-02 00:00:00,0.0
275,1,30,1,1,Moore shoal,Murray point,5.0,2.5,1,2,yes,2024-11-11 01:00:00,5.0
276,35,7,2,6,Lauren fall,Mitchell walk,3.5,1.75,3,2,yes,2024-11-10 01:40:00,10.5
277,36,13,2,6,Lake Maureen,Murray point,8.0,4.0,1,2,yes,2024-11-11 00:00:00,8.0
278,26,44,10,10,Alison valleys,Holt spur,5.0,2.5,2,0,yes,2024-11-13 01:00:00,5.0
279,7,35,2,6,Lake Maureen,Laura shores,12.5,6.25,2,2,yes,2024-11-09 00:00:00,25.0
280,24,43,10,10,Julie mountain,Cameron meadows,9.5,4.75,3,1,yes,2024-11-21 00:20:00,23.75
281,48,27,5,3,Jodie island,Marilyn junctions,11.0,5.5,3,1,yes,2024-11-16 00:10:00,27.5
282,26,21,8,9,Ashleigh points,Jennifer views,8.0,4.0,3,2,yes,2024-11-05 00:10:00,24.0
283,7,13,8,9,Williams loop,East Nathanhaven,5.0,2.5,1,0,yes,2024-11-21 01:10:00,0.0
284,14,8,1,1,Lauren fall,Karen turnpike,5.0,2.5,3,0,yes,2024-11-06 00:20:00,10.0
285,37,31,8,9,Diane gateway,O'Brien fork,11.0,5.5,3,2,yes,2024-11-17 00:20:00,33.0
286,29,35,1,1,Moore shoal,Murray causeway,3.5,1.75,2,0,yes,2024-11-14 01:00:00,3.5
287,28,4,10,10,Alison valleys,Daniels common,11.0,5.5,1,0,yes,2024-11-02 01:00:00,0.0
288,3,50,3,2,Sharp lane,Edwards junctions,12.5,6.25,3,0,yes,2024-11-21 01:00:00,25.0
289,40,24,6,8,Brenda river,Smith divide,12.5,6.25,1,1,yes,2024-11-10 00:40:00,6.25
290,10,31,1,1,Laura shores,Murray causeway,5.0,2.5,3,0,yes,2024-11-12 00:50:00,10.0
291,15,43,8,9,Shane harbors,Williams loop,3.5,1.75,1,1,yes,2024-11-14 01:00:00,1.75
292,1,34,4,7,Sharp lane,Scott ways,6.5,3.25,1,0,yes,2024-11-21 01:20:00,0.0
293,18,27,8,9,Port Ryanside,Diane gateway,5.0,2.5,1,1,yes,2024-11-15 00:00:00,2.5
294,10,24,1,1,Lauren fall,Thomas glens,3.5,1.75,1,2,yes,2024-11-14 00:20:00,3.5
295,31,34,10,10,Davies harbor,Watkins brooks,9.5,4.75,3,1,yes,2024-11-09 00:50:00,23.75
296,16,1,7,4,Laura canyon,Collins vista,3.5,1.75,3,1,yes,2024-11-18 00:50:00,8.75
297,31,2,6,8,Jeffrey squares,Hall brooks,8.0,4.0,3,1,yes,2024-11-21 00:10:00,20.0
298,18,11,4,7,Gregory lodge,Jack mountain,6.5,3.25,2,1,yes,2024-11-09 00:30:00,9.75
299,40,29,7,4,East Nathanhaven,Ashleigh points,14.0,7.0,1,2,yes,2024-11-04 00:00:00,14.0
300,25,42,5,3,Lewis forks,Hall brooks,15.5,7.75,2,0,yes,2024-11-11 00:20:00,15.5
301,36,2,10,10,Ross square,Palmer fords,14.0,7.0,2,2,yes,2024-11-19 00:30:00,28.0
302,32,5,9,5,Holt spur,Daveymouth,14.0,7.0,2,1,yes,2024-11-08 01:20:00,21.0
303,40,6,8,9,Port Ryanside,Ashleigh points,3.5,1.75,2,2,yes,2024-11-15 00:00:00,7.0
304,38,20,9,5,Hooper fort,Holt spur,9.5,4.75,3,2,yes,2024-11-03 00:30:00,28.5
305,4,42,5,3,Jodie island,Smith divide,8.0,4.0,1,0,yes,2024-11-12 00:10:00,0.0
306,20,10,5,3,East Martin,Brenda river,20.0,10.0,2,2,yes,2024-11-12 00:00:00,40.0
307,15,35,6,8,Stephanie unions,Peter road,12.5,6.25,1,1,yes,2024-11-06 00:30:00,6.25
308,12,24,5,3,Owen throughway,Smith divide,5.0,2.5,1,0,yes,2024-11-20 00:30:00,0.0
309,10,14,7,4,Laura canyon,Ashleigh points,6.5,3.25,2,1,yes,2024-11-12 00:50:00,9.75
310,41,42,9,5,Ross square,Daveymouth,6.5,3.25,1,0,yes,2024-11-21 02:10:00,0.0
311,1,8,7,4,Williams loop,Port Ryanside,12.5,6.25,1,1,yes,2024-11-15 00:20:00,6.25
312,32,20,1,1,Laura shores,Rogers lock,11.0,5.5,3,2,yes,2024-11-18 00:50:00,33.0
313,26,50,8,9,Port Ryanside,Shane harbors,11.0,5.5,3,0,yes,2024-11-06 00:00:00,22.0
314,48,35,5,3,Owen throughway,Brenda river,15.5,7.75,1,0,yes,2024-11-19 00:30:00,0.0
315,7,5,6,8,Davies ferry,Marilyn junctions,6.5,3.25,2,1,yes,2024-11-01 01:00:00,9.75
316,3,5,1,1,Lauren fall,Rogers lock,15.5,7.75,1,1,yes,2024-11-10 00:20:00,7.75
317,10,26,10,10,Davies harbor,Jake mills,15.5,7.75,1,0,yes,2024-11-07 00:50:00,0.0
318,35,36,6,8,Brenda river,Marilyn junctions,9.5,4.75,1,1,yes,2024-11-03 00:40:00,4.75
319,8,18,1,1,Mitchell walk,Lauren fall,3.5,1.75,1,2,yes,2024-11-18 00:10:00,3.5
320,,22,2,6,Thomas common,South Melanie,15.5,7.75,3,0,no,2024-11-06 00:30:00,46.5
321,36,49,7,4,East Nathanhaven,Williams loop,5.0,2.5,1,1,yes,2024-11-01 00:00:00,2.5
322,39,29,6,8,Clare river,Swift ports,17.0,8.5,2,0,yes,2024-11-05 00:20:00,17.0
323,,24,8,9,Port Ryanside,Ashleigh points,3.5,1.75,1,1,no,2024-11-18 00:00:00,5.25
324,22,30,7,4,Collins vista,Diane gateway,3.5,1.75,2,2,yes,2024-11-06 01:00:00,7.0
325,35,1,8,9,Ashleigh points,Collins vista,5.0,2.5,1,2,yes,2024-11-07 00:10:00,5.0
326,17,45,1,1,Mitchell walk,Rogers lock,17.0,8.5,2,1,yes,2024-11-09 00:10:00,25.5
327,42,46,5,3,Peter road,Clare river,14.0,7.0,2,1,yes,2024-11-11 01:00:00,21.0
328,41,29,7,4,O'Brien fork,Jennifer views,6.5,3.25,2,2,yes,2024-11-07 00:10:00,13.0
329,21,13,3,2,Andrea knolls,Hazel brooks,5.0,2.5,1,1,yes,2024-11-05 00:20:00,2.5
330,44,9,2,6,Green loaf,Thomas glens,12.5,6.25,2,2,yes,2024-11-10 00:20:00,25.0
331,42,41,10,10,Julie mountain,Daniels common,17.0,8.5,1,2,yes,2024-11-18 00:20:00,17.0
332,50,44,10,10,Davies harbor,Port Victoria,18.5,9.25,1,2,yes,2024-11-09 00:50:00,18.5
333,21,37,4,7,Edwards junctions,Port Russell,21.5,10.75,2,1,yes,2024-11-21 00:10:00,32.25
334,44,6,5,3,Lewis forks,Marcusfurt,23.0,11.5,1,0,yes,2024-11-16 00:20:00,0.0
335,18,32,8,9,Ashleigh points,Williams loop,11.0,5.5,1,2,yes,2024-11-04 00:10:00,11.0
336,38,10,6,8,Lauren courts,Smith divide,6.5,3.25,3,1,yes,2024-11-05 01:20:00,16.25
337,12,33,10,10,Julie mountain,Davies harbor,6.5,3.25,2,0,yes,2024-11-13 00:20:00,6.5
338,32,28,9,5,Daniels common,Watkins brooks,5.0,2.5,1,2,yes,2024-11-10 00:40:00,5.0
339,37,18,7,4,O'Brien fork,Port Ryanside,14.0,7.0,1,2,yes,2024-11-05 00:10:00,14.0
340,48,26,10,10,Neil radial,Port Victoria,3.5,1.75,3,1,yes,2024-11-09 02:30:00,8.75
341,32,7,8,9,Diane gateway,O'Brien fork,11.0,5.5,3,2,yes,2024-11-12 00:20:00,33.0
342,36,23,6,8,Marcusfurt,Jeffrey squares,3.5,1.75,1,1,yes,2024-11-15 00:00:00,1.75
343,43,11,9,5,Jake mills,Holt spur,11.0,5.5,3,0,yes,2024-11-10 00:20:00,22.0
344,17,35,3,2,Donald corner,Edwards junctions,6.5,3.25,1,2,yes,2024-11-08 01:40:00,6.5
345,5,1,6,8,Marcusfurt,Davies ferry,11.0,5.5,2,0,yes,2024-11-09 00:00:00,11.0
346,16,36,3,2,Andrea knolls,Donald corner,14.0,7.0,1,0,yes,2024-11-16 00:20:00,0.0
347,16,36,4,7,Donald corner,Dorothy court,15.5,7.75,3,0,yes,2024-11-06 00:40:00,31.0
348,50,37,7,4,Jennifer views,Port Ryanside,9.5,4.75,3,1,yes,2024-11-03 00:40:00,23.75
349,23,6,7,4,O'Brien fork,Laura canyon,8.0,4.0,2,2,yes,2024-11-11 00:10:00,16.0
350,43,9,2,6,Moore shoal,Karen turnpike,5.0,2.5,3,1,yes,2024-11-10 01:00:00,12.5
351,35,15,7,4,O'Brien fork,Jennifer views,6.5,3.25,3,1,yes,2024-11-07 00:10:00,16.25
352,47,21,8,9,Jennifer views,Shane harbors,3.5,1.75,1,2,yes,2024-11-09 00:50:00,3.5
353,2,24,9,5,Port Victoria,Ross square,21.5,10.75,1,1,yes,2024-11-08 00:00:00,10.75
354,1,33,8,9,Diane gateway,East Nathanhaven,12.5,6.25,3,0,yes,2024-11-21 00:20:00,25.0
355,42,24,9,5,Hopkins corner,Alison valleys,6.5,3.25,1,1,yes,2024-11-04 01:10:00,3.25
356,19,11,3,2,Port Russell,Hall ways,15.5,7.75,2,2,yes,2024-11-11 00:00:00,31.0
357,11,10,3,2,Gregory lodge,Edwards junctions,5.0,2.5,1,0,yes,2024-11-21 01:50:00,0.0
358,15,37,5,3,Brenda river,Clare river,5.0,2.5,2,0,yes,2024-11-01 02:00:00,5.0
359,25,28,7,4,East Nathanhaven,Ashleigh points,14.0,7.0,1,2,yes,2024-11-01 00:00:00,14.0
360,18,27,6,8,Marcusfurt,Marilyn junctions,15.5,7.75,2,0,yes,2024-11-15 00:00:00,15.5
361,33,45,5,3,Jodie island,Marilyn junctions,11.0,5.5,1,2,yes,2024-11-12 00:10:00,11.0
362,17,5,10,10,Daveymouth,Palmer fords,18.5,9.25,3,2,yes,2024-11-05 00:00:00,55.5
363,20,13,4,7,Sharp lane,Port Russell,11.0,5.5,2,0,yes,2024-11-10 01:20:00,11.0
364,22,21,4,7,Jack mountain,Sharp lane,5.0,2.5,1,1,yes,2024-11-08 01:00:00,2.5
365,32,15,3,2,Dorothy court,Gregory lodge,17.0,8.5,2,0,yes,2024-11-20 00:10:00,17.0
366,12,21,5,3,Marilyn junctions,Brenda river,9.5,4.75,1,0,yes,2024-11-07 01:10:00,0.0
367,3,2,6,8,Stephanie unions,Owen throughway,17.0,8.5,2,1,yes,2024-11-13 00:30:00,25.5
368,50,40,7,4,Williams loop,Ashleigh points,11.0,5.5,1,0,yes,2024-11-04 00:20:00,0.0
369,42,1,8,9,Port Ryanside,Laura canyon,8.0,4.0,1,0,yes,2024-11-15 00:00:00,0.0
370,37,38,7,4,Williams loop,Port Ryanside,12.5,6.25,2,1,yes,2024-11-16 00:20:00,18.75
371,3,18,9,5,Neil radial,Hooper fort,5.0,2.5,3,2,yes,2024-11-19 00:10:00,15.0
372,13,39,5,3,Lauren courts,Brenda river,8.0,4.0,3,1,yes,2024-11-21 01:20:00,20.0
373,3,49,9,5,Watkins brooks,Daveymouth,17.0,8.5,2,2,yes,2024-11-14 01:00:00,34.0
374,30,13,7,4,Collins vista,Diane gateway,3.5,1.75,1,2,yes,2024-11-18 01:00:00,3.5
375,12,14,8,9,Jennifer views,Shane harbors,3.5,1.75,2,0,yes,2024-11-03 00:50:00,3.5
376,36,17,3,2,Andrea knolls,Edwards junctions,18.5,9.25,2,0,yes,2024-11-03 00:20:00,18.5
377,19,38,6,8,Lewis forks,Jodie island,3.5,1.75,2,1,yes,2024-11-01 02:20:00,5.25
378,5,18,1,1,Lauren fall,Thomas glens,3.5,1.75,1,0,yes,2024-11-08 00:20:00,0.0
379,48,1,8,9,Port Ryanside,Williams loop,12.5,6.25,3,0,yes,2024-11-11 00:00:00,25.0
380,28,9,4,7,Hall ways,Hazel brooks,9.5,4.75,3,2,yes,2024-11-08 00:50:00,28.5
381,48,11,6,8,Clare river,Owen throughway,18.5,9.25,2,0,yes,2024-11-07 00:20:00,18.5
382,32,1,7,4,Jennifer views,Collins vista,5.0,2.5,1,0,yes,2024-11-19 00:40:00,0.0
383,36,18,10,10,Alison valleys,Holt spur,5.0,2.5,1,2,yes,2024-11-08 01:00:00,5.0
384,13,39,2,6,Lake Maureen,Thomas common,6.5,3.25,2,1,yes,2024-11-22 00:00:00,9.75
385,42,3,1,1,Moore shoal,Rogers lock,9.5,4.75,3,0,yes,2024-11-20 01:00:00,19.0
386,39,4,5,3,Davies ferry,Clare river,8.0,4.0,2,0,yes,2024-11-11 01:40:00,8.0
387,38,48,7,4,O'Brien fork,Diane gateway,11.0,5.5,3,2,yes,2024-11-16 00:10:00,33.0
388,28,8,2,6,Thomas common,Mitchell walk,14.0,7.0,3,0,yes,2024-11-12 00:30:00,28.0
389,38,38,1,1,South Melanie,Lake Maureen,20.0,10.0,3,1,yes,2024-11-15 00:00:00,50.0
390,37,30,7,4,O'Brien fork,Port Ryanside,14.0,7.0,3,1,yes,2024-11-21 00:10:00,35.0
391,22,31,4,7,West Terryside,Hall ways,9.5,4.75,3,2,yes,2024-11-14 00:00:00,28.5
392,20,42,10,10,Daveymouth,Hopkins corner,15.5,7.75,2,1,yes,2024-11-14 00:00:00,23.25
393,25,12,3,2,Dorothy court,Hall ways,14.0,7.0,2,2,yes,2024-11-09 00:10:00,28.0
394,38,31,6,8,Brenda river,Jodie island,18.5,9.25,1,0,yes,2024-11-02 00:40:00,0.0
395,30,2,8,9,Diane gateway,Williams loop,9.5,4.75,3,1,yes,2024-11-07 00:20:00,23.75
396,29,27,5,3,Owen throughway,Roberts knolls,11.0,5.5,3,0,yes,2024-11-03 00:30:00,22.0
397,29,34,3,2,Andrea knolls,Mohammed parks,9.5,4.75,3,0,yes,2024-11-16 00:20:00,19.0
398,31,7,7,4,East Nathanhaven,Laura canyon,9.5,4.75,2,2,yes,2024-11-14 00:00:00,19.0
399,12,18,10,10,Daveymouth,Port Victoria,26.0,13.0,2,2,yes,2024-11-11 00:00:00,52.0
400,14,8,6,8,Jeffrey squares,Smith divide,17.0,8.5,2,0,yes,2024-11-11 00:10:00,17.0
401,1,22,9,5,Neil radial,Holt spur,12.5,6.25,3,2,yes,2024-11-12 00:10:00,37.5
402,25,21,7,4,East Nathanhaven,Diane gateway,12.5,6.25,1,1,yes,2024-11-07 00:00:00,6.25
403,2,42,9,5,Davies harbor,Daveymouth,9.5,4.75,2,1,yes,2024-11-16 01:50:00,14.25
404,39,5,7,4,Jennifer views,Diane gateway,6.5,3.25,2,0,yes,2024-11-07 00:40:00,6.5
405,39,36,3,2,Khan mall,Edwards junctions,3.5,1.75,2,2,yes,2024-11-14 02:00:00,7.0
406,,30,10,10,Holt spur,Palmer fords,6.5,3.25,1,2,no,2024-11-08 01:20:00,13.0
407,26,30,2,6,Lauren fall,Mitchell walk,3.5,1.75,1,0,yes,2024-11-10 01:40:00,0.0
408,30,9,5,3,Roberts knolls,Clare river,9.5,4.75,1,2,yes,2024-11-06 01:30:00,9.5
409,7,26,6,8,Peter road,Smith divide,3.5,1.75,3,1,yes,2024-11-13 01:40:00,8.75
410,42,8,6,8,Stephanie unions,Brenda river,3.5,1.75,1,1,yes,2024-11-16 00:30:00,1.75
411,20,4,5,3,Smith divide,Roberts knolls,8.0,4.0,2,0,yes,2024-11-15 00:50:00,8.0
412,47,47,1,1,Laura shores,Moore shoal,3.5,1.75,3,1,yes,2024-11-10 00:50:00,8.75
413,28,11,7,4,Diane gateway,Port Ryanside,5.0,2.5,1,0,yes,2024-11-18 01:10:00,0.0
414,17,28,2,6,Murray point,Thomas glens,9.5,4.75,2,2,yes,2024-11-13 00:40:00,19.0
415,34,30,7,4,Ashleigh points,Port Ryanside,3.5,1.75,2,2,yes,2024-11-04 01:20:00,7.0
416,6,37,2,6,Green loaf,Thomas common,3.5,1.75,2,2,yes,2024-11-08 00:20:00,7.0
417,29,10,7,4,Laura canyon,Diane gateway,5.0,2.5,2,1,yes,2024-11-07 00:50:00,7.5
418,,16,8,9,Port Ryanside,Collins vista,6.5,3.25,2,2,no,2024-11-13 00:00:00,19.5
419,11,48,4,7,Donald corner,Sharp lane,8.0,4.0,2,2,yes,2024-11-20 00:40:00,16.0
420,44,1,7,4,Jennifer views,Laura canyon,3.5,1.75,1,2,yes,2024-11-08 00:40:00,3.5
421,8,28,8,9,Jennifer views,Williams loop,5.0,2.5,1,0,yes,2024-11-14 00:50:00,0.0
422,4,1,10,10,Hopkins corner,Hooper fort,8.0,4.0,3,0,yes,2024-11-19 01:30:00,16.0
423,27,28,2,6,Karen turnpike,Lauren fall,5.0,2.5,3,0,yes,2024-11-16 01:20:00,10.0
424,44,48,4,7,West Terryside,Edwards junctions,3.5,1.75,3,0,yes,2024-11-08 00:00:00,7.0
425,27,31,5,3,Stephanie unions,Jeffrey squares,5.0,2.5,3,2,yes,2024-11-11 02:10:00,15.0
426,39,1,8,9,Collins vista,O'Brien fork,9.5,4.75,2,2,yes,2024-11-12 00:30:00,19.0
427,24,9,9,5,Neil radial,Palmer fords,8.0,4.0,2,1,yes,2024-11-09 00:10:00,12.0
428,20,11,7,4,Shane harbors,Jennifer views,3.5,1.75,2,2,yes,2024-11-01 00:30:00,7.0
429,39,44,2,6,Rogers lock,South Melanie,18.5,9.25,2,0,yes,2024-11-08 00:10:00,18.5
430,16,21,4,7,West Terryside,Dorothy court,21.5,10.75,1,0,yes,2024-11-05 00:00:00,0.0
431,27,25,3,2,Port Russell,Edwards junctions,21.5,10.75,3,1,yes,2024-11-20 00:00:00,53.75
432,44,39,6,8,Clare river,Hall brooks,6.5,3.25,1,0,yes,2024-11-14 00:20:00,0.0
433,14,15,8,9,Ashleigh points,Laura canyon,6.5,3.25,3,2,yes,2024-11-21 00:10:00,19.5
434,26,41,9,5,Port Victoria,Alison valleys,17.0,8.5,2,0,yes,2024-11-14 00:00:00,17.0
435,5,24,3,2,Jack mountain,Hall ways,3.5,1.75,2,0,yes,2024-11-16 01:20:00,3.5
436,24,40,4,7,Hazel brooks,Scott ways,3.5,1.75,2,1,yes,2024-11-20 01:40:00,5.25
437,31,30,8,9,Ashleigh points,Laura canyon,6.5,3.25,1,2,yes,2024-11-04 00:10:00,6.5
438,22,6,5,3,Lewis forks,Brenda river,17.0,8.5,1,0,yes,2024-11-12 00:20:00,0.0
439,27,37,9,5,Jake mills,Henderson cliffs,17.0,8.5,2,2,yes,2024-11-11 00:20:00,34.0
440,24,32,3,2,Mohammed parks,Jack mountain,3.5,1.75,2,2,yes,2024-11-04 01:10:00,7.0
441,12,9,5,3,Jodie island,Lewis forks,3.5,1.75,1,0,yes,2024-11-10 00:10:00,0.0
442,14,28,8,9,Diane gateway,Shane harbors,8.0,4.0,3,1,yes,2024-11-07 00:20:00,20.0
443,34,32,3,2,Port Russell,Sharp lane,11.0,5.5,2,0,yes,2024-11-20 00:00:00,11.0
444,26,20,1,1,Moore shoal,Murray causeway,3.5,1.75,3,1,yes,2024-11-12 01:00:00,8.75
445,50,45,6,8,Clare river,Roberts knolls,9.5,4.75,3,1,yes,2024-11-15 00:20:00,23.75
446,48,8,10,10,Henderson cliffs,Watkins brooks,11.0,5.5,2,2,yes,2024-11-10 00:40:00,22.0
447,32,22,10,10,Davies harbor,Hopkins corner,8.0,4.0,1,1,yes,2024-11-13 00:50:00,4.0
448,15,10,10,10,Cameron meadows,Hooper fort,11.0,5.5,1,0,yes,2024-11-10 01:10:00,0.0
449,3,16,8,9,Port Ryanside,Jennifer views,9.5,4.75,3,0,yes,2024-11-03 00:00:00,19.0
450,2,2,10,10,Davies harbor,Jake mills,15.5,7.75,1,0,yes,2024-11-10 00:50:00,0.0
451,15,19,5,3,Smith divide,Jeffrey squares,17.0,8.5,2,2,yes,2024-11-09 00:50:00,34.0
452,45,1,2,6,Murray causeway,Moore shoal,3.5,1.75,2,1,yes,2024-11-07 00:50:00,5.25
453,19,17,6,8,Hall brooks,Roberts knolls,5.0,2.5,1,2,yes,2024-11-07 00:50:00,5.0
454,,47,1,1,Mitchell walk,Karen turnpike,6.5,3.25,1,0,no,2024-11-18 00:10:00,6.5
455,27,9,1,1,Karen turnpike,Laura shores,3.5,1.75,3,2,yes,2024-11-05 00:40:00,10.5
456,13,17,2,6,Lake Maureen,Murray point,8.0,4.0,2,0,yes,2024-11-09 00:00:00,8.0
457,28,4,3,2,Port Russell,Dorothy court,3.5,1.75,2,1,yes,2024-11-07 00:00:00,5.25
458,13,40,10,10,Hill villages,Hooper fort,20.0,10.0,2,0,yes,2024-11-05 00:10:00,20.0
459,,46,6,8,Stephanie unions,Roberts knolls,8.0,4.0,3,1,no,2024-11-08 00:30:00,28.0
460,3,18,8,9,Ashleigh points,Shane harbors,9.5,4.75,3,1,yes,2024-11-08 00:10:00,23.75
461,37,47,10,10,Daveymouth,Hill villages,3.5,1.75,3,2,yes,2024-11-20 00:00:00,10.5
462,46,10,10,10,Daveymouth,Port Victoria,26.0,13.0,3,0,yes,2024-11-15 00:00:00,52.0
463,12,41,7,4,O'Brien fork,Ashleigh points,12.5,6.25,2,2,yes,2024-11-07 00:10:00,25.0
464,15,22,4,7,Jack mountain,Mohammed parks,3.5,1.75,2,1,yes,2024-11-20 01:00:00,5.25
465,15,28,6,8,Marcusfurt,Roberts knolls,12.5,6.25,1,0,yes,2024-11-20 00:00:00,0.0
466,1,35,7,4,East Nathanhaven,Jennifer views,8.0,4.0,1,0,yes,2024-11-08 00:00:00,0.0
467,44,15,8,9,Jennifer views,O'Brien fork,6.5,3.25,1,2,yes,2024-11-22 00:50:00,6.5
468,8,45,1,1,Mitchell walk,Murray causeway,11.0,5.5,2,2,yes,2024-11-20 00:10:00,22.0
469,42,30,7,4,East Nathanhaven,Diane gateway,12.5,6.25,2,2,yes,2024-11-10 00:00:00,25.0
470,3,46,7,4,East Nathanhaven,O'Brien fork,3.5,1.75,3,0,yes,2024-11-10 00:00:00,7.0
471,21,12,9,5,Palmer fords,Hopkins corner,5.0,2.5,3,2,yes,2024-11-13 00:50:00,15.0
472,20,27,5,3,Jodie island,Clare river,21.5,10.75,1,2,yes,2024-11-03 00:10:00,21.5
473,43,47,10,10,Hill villages,Julie mountain,3.5,1.75,3,1,yes,2024-11-13 00:10:00,8.75
474,11,46,5,3,Marilyn junctions,Davies ferry,6.5,3.25,2,1,yes,2024-11-11 01:10:00,9.75
475,50,32,9,5,Alison valleys,Julie mountain,8.0,4.0,1,2,yes,2024-11-14 01:40:00,8.0
476,39,35,2,6,Lake Maureen,Rogers lock,3.5,1.75,1,1,yes,2024-11-01 00:00:00,1.75
477,47,8,1,1,Thomas glens,Thomas common,11.0,5.5,1,0,yes,2024-11-12 00:30:00,0.0
478,16,33,6,8,Hall brooks,East Martin,18.5,9.25,3,0,yes,2024-11-16 00:50:00,37.0
479,7,6,1,1,Lauren fall,Thomas glens,3.5,1.75,2,1,yes,2024-11-08 00:20:00,5.25
480,30,20,8,9,Laura canyon,East Nathanhaven,9.5,4.75,2,1,yes,2024-11-18 00:40:00,14.25
481,37,28,1,1,Laura shores,Rogers lock,11.0,5.5,1,0,yes,2024-11-08 00:50:00,0.0
482,42,18,9,5,Hooper fort,Cameron meadows,11.0,5.5,1,0,yes,2024-11-21 00:30:00,0.0
483,41,25,9,5,Daniels common,Julie mountain,17.0,8.5,2,0,yes,2024-11-21 00:40:00,17.0
484,1,19,4,7,Edwards junctions,Donald corner,6.5,3.25,2,2,yes,2024-11-18 00:10:00,13.0
485,40,29,3,2,Scott ways,West Terryside,18.5,9.25,2,1,yes,2024-11-18 00:30:00,27.75
486,50,41,3,2,Donald corner,Khan mall,5.0,2.5,1,2,yes,2024-11-06 01:40:00,5.0
487,2,46,3,2,Dorothy court,Hazel brooks,6.5,3.25,2,2,yes,2024-11-16 00:10:00,13.0
488,1,7,7,4,O'Brien fork,Port Ryanside,14.0,7.0,3,1,yes,2024-11-05 00:10:00,35.0
489,11,38,2,6,Murray point,Laura shores,6.5,3.25,3,1,yes,2024-11-17 00:40:00,16.25
490,,11,1,1,Karen turnpike,Rogers lock,12.5,6.25,2,2,no,2024-11-02 00:40:00,37.5
491,12,12,1,1,Lauren fall,Karen turnpike,5.0,2.5,2,2,yes,2024-11-09 00:20:00,10.0
492,32,45,2,6,Thomas common,Laura shores,8.0,4.0,2,0,yes,2024-11-08 00:30:00,8.0
493,50,8,8,9,Port Ryanside,Jennifer views,9.5,4.75,3,0,yes,2024-11-18 00:00:00,19.0
494,47,3,4,7,Hall ways,Davies ranch,8.0,4.0,2,1,yes,2024-11-18 00:50:00,12.0
495,45,50,5,3,Davies ferry,Clare river,8.0,4.0,3,0,yes,2024-11-07 01:40:00,16.0
496,35,4,4,7,Hazel brooks,Port Russell,8.0,4.0,3,2,yes,2024-11-01 01:40:00,24.0
497,18,21,3,2,Scott ways,Donald corner,12.5,6.25,3,1,yes,2024-11-14 00:30:00,31.25
498,16,39,6,8,Roberts knolls,Owen throughway,11.0,5.5,1,2,yes,2024-11-21 01:10:00,11.0
499,34,33,5,3,Jodie island,Marcusfurt,24.5,12.25,1,0,yes,2024-11-21 00:10:00,0.0
500,3,3,4,7,Sharp lane,Dorothy court,9.5,4.75,3,2,yes,2024-11-04 01:20:00,28.5
501,5,27,5,3,Lauren courts,Stephanie unions,9.5,4.75,1,0,yes,2024-11-09 01:20:00,0.0
502,13,10,6,8,Stephanie unions,Lewis forks,18.5,9.25,2,2,yes,2024-11-20 00:30:00,37.0
503,34,19,8,9,Collins vista,O'Brien fork,9.5,4.75,3,0,yes,2024-11-04 00:30:00,19.0
504,15,33,1,1,Laura shores,Moore shoal,3.5,1.75,1,0,yes,2024-11-15 00:50:00,0.0
505,8,22,4,7,Mohammed parks,Port Russell,12.5,6.25,1,1,yes,2024-11-08 01:10:00,6.25
506,42,22,4,7,Donald corner,Port Russell,17.0,8.5,2,1,yes,2024-11-04 00:40:00,25.5
507,36,30,4,7,West Terryside,Donald corner,8.0,4.0,1,0,yes,2024-11-17 00:00:00,0.0
508,22,3,4,7,Donald corner,Scott ways,12.5,6.25,2,2,yes,2024-11-15 00:40:00,25.0
509,37,8,9,5,Holt spur,Henderson cliffs,8.0,4.0,1,1,yes,2024-11-15 01:20:00,4.0
510,8,29,8,9,Jennifer views,Williams loop,5.0,2.5,1,0,yes,2024-11-21 00:50:00,0.0
511,48,29,6,8,Roberts knolls,Swift ports,9.5,4.75,3,2,yes,2024-11-13 01:10:00,28.5
512,29,32,8,9,Ashleigh points,Williams loop,11.0,5.5,3,2,yes,2024-11-13 00:10:00,33.0
513,43,18,5,3,Roberts knolls,Marcusfurt,12.5,6.25,1,0,yes,2024-11-17 01:30:00,0.0
514,31,17,4,7,Scott ways,Dorothy court,5.0,2.5,1,1,yes,2024-11-12 01:50:00,2.5
515,8,50,3,2,Jack mountain,Edwards junctions,9.5,4.75,3,0,yes,2024-11-13 01:20:00,19.0
516,24,18,2,6,Lake Maureen,Green loaf,5.0,2.5,2,2,yes,2024-11-20 00:00:00,10.0
517,22,23,6,8,Jeffrey squares,Stephanie unions,5.0,2.5,3,2,yes,2024-11-14 00:10:00,15.0
518,35,25,5,3,Roberts knolls,Davies ferry,3.5,1.75,1,1,yes,2024-11-17 01:30:00,1.75
519,37,29,8,9,Collins vista,O'Brien fork,9.5,4.75,1,0,yes,2024-11-20 00:30:00,0.0
520,33,32,5,3,Lewis forks,Marilyn junctions,9.5,4.75,1,1,yes,2024-11-12 00:20:00,4.75
521,11,24,10,10,Davies harbor,Neil radial,17.0,8.5,3,1,yes,2024-11-06 00:50:00,42.5
522,22,2,6,8,Marcusfurt,Jeffrey squares,3.5,1.75,3,1,yes,2024-11-13 00:00:00,8.75
523,10,28,5,3,Swift ports,Lauren courts,8.0,4.0,3,2,yes,2024-11-10 00:40:00,24.0
524,4,6,8,9,O'Brien fork,East Nathanhaven,3.5,1.75,2,0,yes,2024-11-03 01:20:00,3.5
525,40,32,7,4,Shane harbors,Port Ryanside,11.0,5.5,1,1,yes,2024-11-01 00:30:00,5.5
526,10,49,10,10,Holt spur,Port Victoria,14.0,7.0,3,0,yes,2024-11-13 01:20:00,28.0
527,4,49,1,1,Lauren fall,Murray causeway,9.5,4.75,1,2,yes,2024-11-03 00:20:00,9.5
528,33,16,2,6,Thomas common,Lauren fall,12.5,6.25,1,1,yes,2024-11-08 00:30:00,6.25
529,4,46,10,10,Hill villages,Davies harbor,8.0,4.0,3,0,yes,2024-11-08 00:10:00,16.0
530,19,32,4,7,Donald corner,Dorothy court,15.5,7.75,2,0,yes,2024-11-02 00:40:00,15.5
531,24,21,9,5,Holt spur,Julie mountain,11.0,5.5,2,1,yes,2024-11-06 01:20:00,16.5
532,12,23,7,4,Laura canyon,Collins vista,3.5,1.75,1,2,yes,2024-11-03 00:50:00,3.5
533,38,28,9,5,Neil radial,Hooper fort,5.0,2.5,3,2,yes,2024-11-02 00:10:00,15.0
534,7,6,5,3,Davies ferry,Marcusfurt,11.0,5.5,3,2,yes,2024-11-11 01:40:00,33.0
535,4,47,3,2,Hazel brooks,Khan mall,14.0,7.0,3,0,yes,2024-11-03 00:40:00,28.0
536,19,43,5,3,Roberts knolls,Brenda river,6.5,3.25,2,1,yes,2024-11-21 01:30:00,9.75
537,7,43,3,2,Scott ways,Sharp lane,6.5,3.25,1,0,yes,2024-11-20 00:30:00,0.0
538,22,14,7,4,Diane gateway,Ashleigh points,3.5,1.75,2,2,yes,2024-11-18 01:10:00,7.0
539,34,45,3,2,Hall ways,West Terryside,9.5,4.75,1,1,yes,2024-11-16 01:30:00,4.75
540,9,28,2,6,Green loaf,Murray point,5.0,2.5,3,0,yes,2024-11-13 00:20:00,10.0
541,21,17,6,8,Marilyn junctions,Peter road,3.5,1.75,1,0,yes,2024-11-04 01:30:00,0.0
542,39,28,2,6,Green loaf,Laura shores,9.5,4.75,2,0,yes,2024-11-07 00:20:00,9.5
543,29,31,8,9,Laura canyon,East Nathanhaven,9.5,4.75,1,0,yes,2024-11-09 00:40:00,0.0
544,33,37,5,3,Marilyn junctions,Clare river,12.5,6.25,3,2,yes,2024-11-05 01:10:00,37.5
545,34,2,9,5,Daniels common,Cameron meadows,9.5,4.75,1,2,yes,2024-11-07 00:40:00,9.5
546,47,28,8,9,Laura canyon,Jennifer views,3.5,1.75,2,1,yes,2024-11-17 00:40:00,5.25
547,8,36,10,10,Ross square,Hopkins corner,11.0,5.5,2,0,yes,2024-11-03 00:30:00,11.0
548,43,21,8,9,Ashleigh points,Williams loop,11.0,5.5,3,0,yes,2024-11-14 00:10:00,22.0
549,4,21,2,6,Thomas common,Murray point,3.5,1.75,2,2,yes,2024-11-15 00:30:00,7.0
550,47,18,6,8,Jeffrey squares,Smith divide,17.0,8.5,2,0,yes,2024-11-15 00:10:00,17.0
551,25,34,9,5,Watkins brooks,Henderson cliffs,11.0,5.5,3,2,yes,2024-11-06 01:00:00,33.0
552,18,45,8,9,Williams loop,O'Brien fork,3.5,1.75,1,2,yes,2024-11-13 01:10:00,3.5
553,36,9,10,10,Hopkins corner,Hooper fort,8.0,4.0,1,2,yes,2024-11-10 01:30:00,8.0
554,24,32,4,7,Khan mall,Jack mountain,8.0,4.0,2,1,yes,2024-11-03 00:20:00,12.0
555,29,11,9,5,Port Victoria,Ross square,21.5,10.75,1,1,yes,2024-11-01 00:00:00,10.75
556,31,39,8,9,Laura canyon,Shane harbors,5.0,2.5,2,2,yes,2024-11-06 00:40:00,10.0
557,49,36,10,10,Julie mountain,Ross square,3.5,1.75,3,2,yes,2024-11-09 00:20:00,10.5
558,23,28,9,5,Hooper fort,Alison valleys,12.5,6.25,2,0,yes,2024-11-10 00:30:00,12.5
559,16,49,9,5,Daniels common,Daveymouth,20.0,10.0,3,1,yes,2024-11-16 00:40:00,50.0
560,50,24,4,7,West Terryside,Andrea knolls,20.0,10.0,2,1,yes,2024-11-18 00:00:00,30.0
561,3,23,1,1,Thomas common,Lake Maureen,6.5,3.25,3,1,yes,2024-11-14 01:30:00,16.25
562,24,40,5,3,Swift ports,Marcusfurt,20.0,10.0,1,1,yes,2024-11-21 00:40:00,10.0
563,41,10,6,8,Clare river,Smith divide,15.5,7.75,1,2,yes,2024-11-04 00:20:00,15.5
564,5,17,6,8,Stephanie unions,Hall brooks,5.0,2.5,3,1,yes,2024-11-08 00:30:00,12.5
565,36,39,6,8,Hall brooks,Jodie island,17.0,8.5,1,1,yes,2024-11-10 00:50:00,8.5
566,50,14,2,6,Lake Maureen,Moore shoal,11.0,5.5,2,0,yes,2024-11-10 00:00:00,11.0
567,39,31,1,1,South Melanie,Murray point,14.0,7.0,2,0,yes,2024-11-21 00:00:00,14.0
568,19,6,1,1,Thomas glens,Laura shores,5.0,2.5,1,1,yes,2024-11-13 00:30:00,2.5
569,32,15,8,9,Port Ryanside,Diane gateway,5.0,2.5,3,2,yes,2024-11-19 00:00:00,15.0
570,26,42,3,2,Hazel brooks,Edwards junctions,15.5,7.75,1,0,yes,2024-11-18 00:40:00,0.0
571,34,34,2,6,Rogers lock,Karen turnpike,12.5,6.25,2,1,yes,2024-11-09 00:10:00,18.75
572,35,14,8,9,Diane gateway,Shane harbors,8.0,4.0,1,0,yes,2024-11-18 00:20:00,0.0
573,2,26,2,6,Lake Maureen,Thomas common,6.5,3.25,1,1,yes,2024-11-21 00:00:00,3.25
574,30,47,10,10,Davies harbor,Jake mills,15.5,7.75,1,1,yes,2024-11-10 00:50:00,7.75
575,4,23,6,8,Jeffrey squares,Peter road,15.5,7.75,2,1,yes,2024-11-17 00:10:00,23.25
576,40,33,7,4,Laura canyon,Diane gateway,5.0,2.5,2,2,yes,2024-11-03 00:50:00,10.0
577,33,29,3,2,Scott ways,Hall ways,11.0,5.5,1,1,yes,2024-11-11 00:30:00,5.5
578,8,28,3,2,Davies ranch,West Terryside,15.5,7.75,1,0,yes,2024-11-06 00:50:00,0.0
579,12,5,10,10,Ross square,Davies harbor,5.0,2.5,3,0,yes,2024-11-08 00:30:00,10.0
580,10,19,3,2,Port Russell,Hall ways,15.5,7.75,1,0,yes,2024-11-04 00:00:00,0.0
581,25,5,3,2,Dorothy court,Sharp lane,9.5,4.75,2,2,yes,2024-11-18 00:10:00,19.0
582,45,28,9,5,Hooper fort,Holt spur,9.5,4.75,2,0,yes,2024-11-21 00:30:00,9.5
583,42,18,10,10,Julie mountain,Holt spur,11.0,5.5,2,2,yes,2024-11-21 00:20:00,22.0
584,46,49,8,9,Port Ryanside,East Nathanhaven,15.5,7.75,2,0,yes,2024-11-18 00:00:00,15.5
585,3,8,6,8,Davies ferry,East Martin,17.0,8.5,3,0,yes,2024-11-11 01:00:00,34.0
586,25,8,5,3,Davies ferry,Brenda river,5.0,2.5,1,1,yes,2024-11-11 01:40:00,2.5
587,11,6,6,8,Peter road,Lewis forks,8.0,4.0,1,0,yes,2024-11-16 01:40:00,0.0
588,41,25,10,10,Alison valleys,Hopkins corner,6.5,3.25,3,1,yes,2024-11-01 01:00:00,16.25
589,27,3,5,3,Smith divide,Marcusfurt,18.5,9.25,2,2,yes,2024-11-08 00:50:00,37.0
590,5,5,7,4,Ashleigh points,Port Ryanside,3.5,1.75,3,0,yes,2024-11-03 01:20:00,7.0
591,22,12,6,8,Stephanie unions,Owen throughway,17.0,8.5,1,2,yes,2024-11-14 00:30:00,17.0
592,1,37,2,6,Lake Maureen,Laura shores,12.5,6.25,1,1,yes,2024-11-09 00:00:00,6.25
593,46,23,9,5,Davies harbor,Julie mountain,6.5,3.25,2,2,yes,2024-11-10 01:50:00,13.0
594,33,26,4,7,Khan mall,Davies ranch,12.5,6.25,1,0,yes,2024-11-03 00:20:00,0.0
595,36,26,6,8,Marcusfurt,Peter road,17.0,8.5,3,2,yes,2024-11-10 00:00:00,51.0
596,4,11,8,9,Laura canyon,O'Brien fork,8.0,4.0,2,0,yes,2024-11-19 00:40:00,8.0
597,7,9,9,5,Hopkins corner,Julie mountain,12.5,6.25,2,2,yes,2024-11-05 01:10:00,25.0
598,11,43,3,2,Port Russell,Hall ways,15.5,7.75,3,0,yes,2024-11-12 00:00:00,31.0
599,14,1,8,9,Diane gateway,O'Brien fork,11.0,5.5,1,1,yes,2024-11-21 00:20:00,5.5
600,18,30,2,6,Karen turnpike,South Melanie,8.0,4.0,1,2,yes,2024-11-05 01:20:00,8.0
601,27,30,10,10,Alison valleys,Watkins brooks,8.0,4.0,1,2,yes,2024-11-12 01:00:00,8.0
602,39,31,2,6,Moore shoal,Mitchell walk,9.5,4.75,1,1,yes,2024-11-02 01:00:00,4.75
603,50,45,6,8,Owen throughway,Jodie island,5.0,2.5,3,0,yes,2024-11-16 02:10:00,10.0
604,5,42,8,9,Diane gateway,Laura canyon,5.0,2.5,2,2,yes,2024-11-10 00:20:00,10.0
605,35,20,9,5,Cameron meadows,Alison valleys,3.5,1.75,1,0,yes,2024-11-18 01:30:00,0.0
606,15,19,8,9,Port Ryanside,East Nathanhaven,15.5,7.75,2,2,yes,2024-11-07 00:00:00,31.0
607,45,17,4,7,Hall ways,Port Russell,15.5,7.75,2,0,yes,2024-11-01 00:50:00,15.5
608,5,43,7,4,Williams loop,Port Ryanside,12.5,6.25,3,2,yes,2024-11-09 00:20:00,37.5
609,28,3,8,9,Ashleigh points,Diane gateway,3.5,1.75,2,0,yes,2024-11-09 00:10:00,3.5
610,6,12,1,1,Karen turnpike,Murray point,8.0,4.0,1,0,yes,2024-11-07 00:40:00,0.0
611,20,33,9,5,Hopkins corner,Henderson cliffs,9.5,4.75,1,2,yes,2024-11-15 01:10:00,9.5
612,13,35,1,1,Karen turnpike,Moore shoal,5.0,2.5,3,0,yes,2024-11-02 00:40:00,10.0
613,31,40,5,3,East Martin,Brenda river,20.0,10.0,3,0,yes,2024-11-07 00:00:00,40.0
614,46,47,9,5,Neil radial,Cameron meadows,14.0,7.0,3,0,yes,2024-11-15 00:10:00,28.0
615,12,43,9,5,Watkins brooks,Hopkins corner,3.5,1.75,3,1,yes,2024-11-04 01:00:00,8.75
616,6,42,4,7,Sharp lane,Davies ranch,3.5,1.75,2,0,yes,2024-11-17 01:20:00,3.5
617,39,45,8,9,Laura canyon,Williams loop,6.5,3.25,2,2,yes,2024-11-18 00:40:00,13.0
618,26,12,9,5,Palmer fords,Watkins brooks,3.5,1.75,3,2,yes,2024-11-11 00:50:00,10.5
619,3,5,1,1,Laura shores,Murray causeway,5.0,2.5,3,2,yes,2024-11-15 00:50:00,15.0
620,14,15,1,1,Mitchell walk,Murray causeway,11.0,5.5,3,0,yes,2024-11-05 00:10:00,22.0
621,25,15,7,4,Shane harbors,Diane gateway,8.0,4.0,1,1,yes,2024-11-05 00:30:00,4.0
622,29,2,4,7,Khan mall,Port Russell,20.0,10.0,2,0,yes,2024-11-10 00:20:00,20.0
623,1,42,4,7,Gregory lodge,Hall ways,5.0,2.5,1,0,yes,2024-11-16 00:30:00,0.0
624,15,25,1,1,Mitchell walk,Green loaf,15.5,7.75,1,2,yes,2024-11-12 00:10:00,15.5
625,41,4,8,9,Port Ryanside,Shane harbors,11.0,5.5,1,2,yes,2024-11-02 00:00:00,11.0
626,16,12,4,7,Sharp lane,Hazel brooks,5.0,2.5,3,2,yes,2024-11-12 01:20:00,15.0
627,40,36,5,3,Swift ports,Jeffrey squares,18.5,9.25,1,0,yes,2024-11-06 00:40:00,0.0
628,34,5,9,5,Palmer fords,Hopkins corner,5.0,2.5,1,2,yes,2024-11-08 00:50:00,5.0
629,18,34,6,8,Brenda river,Smith divide,12.5,6.25,3,2,yes,2024-11-01 00:40:00,37.5
630,46,22,7,4,Diane gateway,Port Ryanside,5.0,2.5,2,2,yes,2024-11-21 01:10:00,10.0
631,8,27,1,1,Lauren fall,Murray causeway,9.5,4.75,1,1,yes,2024-11-05 00:20:00,4.75
632,40,14,7,4,Shane harbors,Jennifer views,3.5,1.75,1,0,yes,2024-11-02 00:30:00,0.0
633,11,43,1,1,Murray point,Green loaf,5.0,2.5,2,2,yes,2024-11-11 01:20:00,10.0
634,47,39,7,4,Jennifer views,Collins vista,5.0,2.5,1,1,yes,2024-11-07 00:40:00,2.5
635,19,17,8,9,Diane gateway,East Nathanhaven,12.5,6.25,3,0,yes,2024-11-09 00:20:00,25.0
636,22,43,5,3,Lewis forks,Lauren courts,11.0,5.5,3,1,yes,2024-11-08 00:20:00,27.5
637,39,21,6,8,Hall brooks,Swift ports,12.5,6.25,2,1,yes,2024-11-17 00:50:00,18.75
638,11,23,5,3,Roberts knolls,Marcusfurt,12.5,6.25,2,1,yes,2024-11-10 01:30:00,18.75
639,20,43,10,10,Julie mountain,Port Victoria,23.0,11.5,2,1,yes,2024-11-06 00:20:00,34.5
640,46,7,10,10,Daveymouth,Julie mountain,5.0,2.5,3,2,yes,2024-11-20 00:00:00,15.0
641,32,43,10,10,Henderson cliffs,Watkins brooks,11.0,5.5,2,0,yes,2024-11-05 00:40:00,11.0
642,22,39,8,9,Jennifer views,Williams loop,5.0,2.5,1,1,yes,2024-11-12 00:50:00,2.5
643,35,37,1,1,Green loaf,Rogers lock,3.5,1.75,2,2,yes,2024-11-19 01:40:00,7.0
644,3,20,9,5,Julie mountain,Hill villages,3.5,1.75,2,1,yes,2024-11-19 02:20:00,5.25
645,42,37,4,7,Khan mall,Hazel brooks,14.0,7.0,2,2,yes,2024-11-03 00:20:00,28.0
646,21,25,4,7,Donald corner,Dorothy court,15.5,7.75,2,1,yes,2024-11-16 00:40:00,23.25
647,45,18,9,5,Hooper fort,Palmer fords,5.0,2.5,1,1,yes,2024-11-06 00:30:00,2.5
648,31,47,2,6,Moore shoal,Mitchell walk,9.5,4.75,2,2,yes,2024-11-04 01:00:00,19.0
649,42,30,7,4,O'Brien fork,Diane gateway,11.0,5.5,2,1,yes,2024-11-18 00:10:00,16.5
650,5,7,5,3,Swift ports,Davies ferry,11.0,5.5,1,2,yes,2024-11-10 00:40:00,11.0
651,47,49,2,6,Lake Maureen,Green loaf,5.0,2.5,2,0,yes,2024-11-14 00:00:00,5.0
652,10,13,9,5,Daniels common,Watkins brooks,5.0,2.5,1,1,yes,2024-11-06 00:40:00,2.5
653,46,22,9,5,Henderson cliffs,Ross square,3.5,1.75,3,2,yes,2024-11-11 02:00:00,10.5
654,15,3,7,4,East Nathanhaven,O'Brien fork,3.5,1.75,2,1,yes,2024-11-02 00:00:00,5.25
655,38,31,10,10,Daniels common,Hooper fort,3.5,1.75,2,2,yes,2024-11-16 02:00:00,7.0
656,32,50,4,7,Sharp lane,Dorothy court,9.5,4.75,1,2,yes,2024-11-19 01:20:00,9.5
657,19,3,7,4,Diane gateway,Port Ryanside,5.0,2.5,3,0,yes,2024-11-02 01:10:00,10.0
658,47,45,8,9,Ashleigh points,Laura canyon,6.5,3.25,3,0,yes,2024-11-06 00:10:00,13.0
659,25,50,8,9,Ashleigh points,Shane harbors,9.5,4.75,3,0,yes,2024-11-11 00:10:00,19.0
660,1,20,7,4,Jennifer views,Port Ryanside,9.5,4.75,1,1,yes,2024-11-14 00:40:00,4.75
661,22,11,6,8,Hall brooks,Lauren courts,6.5,3.25,1,2,yes,2024-11-09 00:50:00,6.5
662,36,29,2,6,Lake Maureen,Karen turnpike,14.0,7.0,2,2,yes,2024-11-15 00:00:00,28.0
663,40,38,10,10,Henderson cliffs,Daniels common,14.0,7.0,2,2,yes,2024-11-08 00:40:00,28.0
664,2,17,10,10,Davies harbor,Port Victoria,18.5,9.25,1,2,yes,2024-11-10 00:50:00,18.5
665,1,21,4,7,Khan mall,Davies ranch,12.5,6.25,2,1,yes,2024-11-08 00:20:00,18.75
666,27,7,4,7,Hall ways,Sharp lane,6.5,3.25,1,2,yes,2024-11-04 00:50:00,6.5
667,22,37,2,6,Murray causeway,Thomas glens,8.0,4.0,2,0,yes,2024-11-20 00:50:00,8.0
668,8,14,8,9,Jennifer views,Williams loop,5.0,2.5,2,0,yes,2024-11-05 00:50:00,5.0
669,38,49,6,8,Hall brooks,East Martin,18.5,9.25,2,2,yes,2024-11-12 00:50:00,37.0
670,31,39,9,5,Port Victoria,Neil radial,3.5,1.75,2,0,yes,2024-11-02 00:00:00,3.5
671,21,17,8,9,Collins vista,Williams loop,8.0,4.0,3,1,yes,2024-11-12 00:30:00,20.0
672,19,13,5,3,Marilyn junctions,Brenda river,9.5,4.75,1,2,yes,2024-11-02 01:10:00,9.5
673,47,39,10,10,Alison valleys,Hopkins corner,6.5,3.25,1,0,yes,2024-11-16 01:00:00,0.0
674,22,26,3,2,Hazel brooks,Mohammed parks,6.5,3.25,3,2,yes,2024-11-06 00:40:00,19.5
675,20,13,7,4,Williams loop,Port Ryanside,12.5,6.25,2,2,yes,2024-11-15 00:20:00,25.0
676,21,2,4,7,West Terryside,Scott ways,18.5,9.25,3,2,yes,2024-11-18 00:00:00,55.5
677,41,7,1,1,Thomas glens,Laura shores,5.0,2.5,1,2,yes,2024-11-10 00:30:00,5.0
678,6,6,1,1,Karen turnpike,Moore shoal,5.0,2.5,1,1,yes,2024-11-09 00:40:00,2.5
679,41,33,3,2,Hazel brooks,West Terryside,17.0,8.5,1,0,yes,2024-11-10 00:40:00,0.0
680,14,41,7,4,Williams loop,Port Ryanside,12.5,6.25,2,1,yes,2024-11-17 00:20:00,18.75
681,32,1,5,3,Jodie island,Lauren courts,12.5,6.25,2,1,yes,2024-11-04 00:10:00,18.75
682,5,44,7,4,Shane harbors,Diane gateway,8.0,4.0,3,0,yes,2024-11-07 00:30:00,16.0
683,3,11,10,10,Holt spur,Daniels common,8.0,4.0,1,0,yes,2024-11-19 01:20:00,0.0
684,29,24,8,9,Port Ryanside,Jennifer views,9.5,4.75,2,1,yes,2024-11-05 00:00:00,14.25
685,8,22,2,6,Lauren fall,Mitchell walk,3.5,1.75,1,0,yes,2024-11-20 01:40:00,0.0
686,32,8,7,4,East Nathanhaven,Laura canyon,9.5,4.75,1,0,yes,2024-11-18 00:00:00,0.0
687,27,23,9,5,Davies harbor,Daveymouth,9.5,4.75,3,0,yes,2024-11-12 01:50:00,19.0
688,8,24,10,10,Daveymouth,Hooper fort,21.5,10.75,3,0,yes,2024-11-12 00:00:00,43.0
689,12,29,1,1,Thomas common,Green loaf,3.5,1.75,1,2,yes,2024-11-11 01:30:00,3.5
690,8,14,4,7,Hazel brooks,Andrea knolls,5.0,2.5,3,2,yes,2024-11-05 01:40:00,15.0
691,11,1,6,8,Hall brooks,Lewis forks,15.5,7.75,1,1,yes,2024-11-08 00:50:00,7.75
692,11,5,7,4,Shane harbors,Jennifer views,3.5,1.75,3,2,yes,2024-11-13 00:30:00,10.5
693,50,47,3,2,Andrea knolls,Gregory lodge,15.5,7.75,1,1,yes,2024-11-12 00:20:00,7.75
694,49,15,8,9,Jennifer views,East Nathanhaven,8.0,4.0,3,2,yes,2024-11-13 00:50:00,24.0
695,50,1,6,8,Lauren courts,Smith divide,6.5,3.25,3,0,yes,2024-11-09 01:20:00,13.0
696,48,13,4,7,West Terryside,Davies ranch,15.5,7.75,1,2,yes,2024-11-19 00:00:00,15.5
697,10,22,5,3,Swift ports,Davies ferry,11.0,5.5,3,1,yes,2024-11-12 00:40:00,27.5
698,8,43,5,3,Smith divide,Marilyn junctions,5.0,2.5,3,2,yes,2024-11-03 00:50:00,15.0
699,2,21,5,3,Hall brooks,Stephanie unions,5.0,2.5,3,1,yes,2024-11-12 01:50:00,12.5
700,11,10,7,4,O'Brien fork,Williams loop,3.5,1.75,2,0,yes,2024-11-14 00:10:00,3.5
701,43,27,3,2,Mohammed parks,Edwards junctions,11.0,5.5,1,0,yes,2024-11-10 01:10:00,0.0
702,38,7,9,5,Cameron meadows,Daveymouth,12.5,6.25,1,1,yes,2024-11-16 01:30:00,6.25
703,1,2,4,7,Edwards junctions,Davies ranch,14.0,7.0,1,2,yes,2024-11-13 00:10:00,14.0
704,6,46,7,4,Shane harbors,Port Ryanside,11.0,5.5,3,0,yes,2024-11-01 00:30:00,22.0
705,25,26,7,4,East Nathanhaven,Laura canyon,9.5,4.75,3,2,yes,2024-11-14 00:00:00,28.5
706,46,32,8,9,Jennifer views,O'Brien fork,6.5,3.25,2,0,yes,2024-11-03 00:50:00,6.5
707,44,25,6,8,Clare river,Smith divide,15.5,7.75,1,0,yes,2024-11-20 00:20:00,0.0
708,17,21,4,7,Khan mall,Gregory lodge,3.5,1.75,2,2,yes,2024-11-14 00:20:00,7.0
709,43,33,9,5,Holt spur,Ross square,9.5,4.75,1,0,yes,2024-11-21 01:20:00,0.0
710,44,11,4,7,Davies ranch,Scott ways,5.0,2.5,1,0,yes,2024-11-19 01:30:00,0.0
711,2,14,7,4,Diane gateway,Ashleigh points,3.5,1.75,3,2,yes,2024-11-16 01:10:00,10.5
712,37,32,5,3,Owen throughway,Smith divide,5.0,2.5,2,2,yes,2024-11-01 00:30:00,10.0
713,40,12,5,3,Jodie island,Smith divide,8.0,4.0,3,0,yes,2024-11-22 00:10:00,16.0
714,3,10,5,3,Stephanie unions,Clare river,3.5,1.75,3,0,yes,2024-11-03 02:10:00,7.0
715,44,33,7,4,East Nathanhaven,Collins vista,11.0,5.5,3,0,yes,2024-11-12 00:00:00,22.0
716,6,6,8,9,Port Ryanside,O'Brien fork,14.0,7.0,1,1,yes,2024-11-11 00:00:00,7.0
717,35,24,10,10,Ross square,Henderson cliffs,3.5,1.75,1,2,yes,2024-11-12 00:30:00,3.5
718,23,2,7,4,Williams loop,Ashleigh points,11.0,5.5,3,1,yes,2024-11-09 00:20:00,27.5
719,20,31,10,10,Julie mountain,Jake mills,20.0,10.0,3,0,yes,2024-11-17 00:20:00,40.0
720,49,32,7,4,Jennifer views,Ashleigh points,8.0,4.0,3,0,yes,2024-11-01 00:40:00,16.0
721,28,21,2,6,Rogers lock,Karen turnpike,12.5,6.25,2,2,yes,2024-11-18 00:10:00,25.0
722,28,26,7,4,Williams loop,Diane gateway,9.5,4.75,2,1,yes,2024-11-21 00:20:00,14.25
723,31,10,7,4,East Nathanhaven,O'Brien fork,3.5,1.75,2,2,yes,2024-11-09 00:00:00,7.0
724,44,5,3,2,Mohammed parks,Jack mountain,3.5,1.75,2,0,yes,2024-11-18 01:10:00,3.5
725,43,21,6,8,Swift ports,East Martin,8.0,4.0,2,1,yes,2024-11-03 02:00:00,12.0
726,24,26,2,6,Thomas glens,South Melanie,6.5,3.25,3,1,yes,2024-11-11 01:30:00,16.25
727,12,50,7,4,Collins vista,Diane gateway,3.5,1.75,1,1,yes,2024-11-14 01:00:00,1.75
728,40,13,4,7,Edwards junctions,Gregory lodge,5.0,2.5,3,0,yes,2024-11-10 00:10:00,10.0
729,42,1,5,3,East Martin,Marcusfurt,26.0,13.0,2,2,yes,2024-11-11 00:00:00,52.0
730,15,21,6,8,Marilyn junctions,Jodie island,11.0,5.5,3,2,yes,2024-11-15 01:30:00,33.0
731,28,25,2,6,Murray point,Thomas glens,9.5,4.75,1,1,yes,2024-11-06 00:40:00,4.75
732,18,16,2,6,Lake Maureen,Moore shoal,11.0,5.5,2,1,yes,2024-11-15 00:00:00,16.5
733,7,4,7,4,Jennifer views,Laura canyon,3.5,1.75,3,1,yes,2024-11-20 00:40:00,8.75
734,18,12,5,3,Marilyn junctions,Lauren courts,3.5,1.75,3,0,yes,2024-11-12 01:10:00,7.0
735,29,17,2,6,Rogers lock,Laura shores,11.0,5.5,2,2,yes,2024-11-21 00:10:00,22.0
736,1,4,1,1,Moore shoal,Murray point,5.0,2.5,1,0,yes,2024-11-20 01:00:00,0.0
737,27,27,1,1,South Melanie,Green loaf,17.0,8.5,1,1,yes,2024-11-21 00:00:00,8.5
738,2,37,1,1,Murray causeway,Murray point,3.5,1.75,3,0,yes,2024-11-18 01:10:00,7.0
739,8,43,7,4,Collins vista,Port Ryanside,6.5,3.25,2,2,yes,2024-11-08 01:00:00,13.0
740,21,4,6,8,Owen throughway,Lewis forks,3.5,1.75,3,2,yes,2024-11-04 02:10:00,10.5
741,27,42,9,5,Cameron meadows,Julie mountain,9.5,4.75,1,1,yes,2024-11-03 01:30:00,4.75
742,18,25,9,5,Holt spur,Alison valleys,5.0,2.5,2,1,yes,2024-11-13 01:20:00,7.5
743,1,23,4,7,Khan mall,Sharp lane,11.0,5.5,1,1,yes,2024-11-06 00:20:00,5.5
744,14,43,7,4,Jennifer views,Port Ryanside,9.5,4.75,3,0,yes,2024-11-05 00:40:00,19.0
745,43,33,1,1,Mitchell walk,Laura shores,8.0,4.0,1,2,yes,2024-11-02 00:10:00,8.0
746,17,15,9,5,Jake mills,Holt spur,11.0,5.5,1,2,yes,2024-11-21 00:20:00,11.0
747,25,13,7,4,O'Brien fork,Williams loop,3.5,1.75,3,1,yes,2024-11-18 00:10:00,8.75
748,15,18,4,7,Donald corner,Jack mountain,5.0,2.5,1,1,yes,2024-11-19 00:40:00,2.5
749,41,25,4,7,Andrea knolls,Port Russell,5.0,2.5,3,2,yes,2024-11-18 02:00:00,15.0
750,30,38,4,7,Khan mall,Dorothy court,18.5,9.25,3,0,yes,2024-11-07 00:20:00,37.0
751,32,38,1,1,Murray causeway,Green loaf,6.5,3.25,2,2,yes,2024-11-05 01:10:00,13.0
752,50,2,5,3,Clare river,Jeffrey squares,3.5,1.75,1,0,yes,2024-11-13 02:20:00,0.0
753,43,22,1,1,Mitchell walk,Karen turnpike,6.5,3.25,3,0,yes,2024-11-22 00:10:00,13.0
754,38,16,3,2,Hall ways,Khan mall,6.5,3.25,3,2,yes,2024-11-20 01:30:00,19.5
755,46,20,2,6,Thomas common,Murray causeway,5.0,2.5,3,1,yes,2024-11-07 00:30:00,12.5
756,49,40,9,5,Neil radial,Watkins brooks,9.5,4.75,2,2,yes,2024-11-02 00:10:00,19.0
757,41,24,8,9,Jennifer views,O'Brien fork,6.5,3.25,3,1,yes,2024-11-13 00:50:00,16.25
758,3,36,2,6,Murray point,Moore shoal,5.0,2.5,2,1,yes,2024-11-04 00:40:00,7.5
759,33,17,5,3,Lauren courts,Stephanie unions,9.5,4.75,3,1,yes,2024-11-11 01:20:00,23.75
760,31,17,9,5,Neil radial,Daniels common,6.5,3.25,2,0,yes,2024-11-19 00:10:00,6.5
761,16,47,9,5,Port Victoria,Jake mills,5.0,2.5,1,0,yes,2024-11-08 00:00:00,0.0
762,31,46,10,10,Henderson cliffs,Jake mills,17.0,8.5,1,2,yes,2024-11-12 00:40:00,17.0
763,39,20,7,4,O'Brien fork,Ashleigh points,12.5,6.25,1,0,yes,2024-11-02 00:10:00,0.0
764,18,8,6,8,Marcusfurt,Roberts knolls,12.5,6.25,2,2,yes,2024-11-01 00:00:00,25.0
765,1,5,2,6,Karen turnpike,Thomas glens,3.5,1.75,2,1,yes,2024-11-11 01:20:00,5.25
766,44,5,4,7,Mohammed parks,Dorothy court,11.0,5.5,2,1,yes,2024-11-19 01:10:00,16.5
767,48,46,5,3,Roberts knolls,Jeffrey squares,11.0,5.5,2,0,yes,2024-11-12 01:30:00,11.0
768,36,38,6,8,Marcusfurt,Clare river,5.0,2.5,1,2,yes,2024-11-16 00:00:00,5.0
769,14,29,7,4,Laura canyon,Ashleigh points,6.5,3.25,1,2,yes,2024-11-12 00:50:00,6.5
770,16,6,7,4,East Nathanhaven,Diane gateway,12.5,6.25,3,0,yes,2024-11-14 00:00:00,25.0
771,10,2,2,6,Green loaf,Karen turnpike,11.0,5.5,3,2,yes,2024-11-21 00:20:00,33.0
772,10,16,7,4,O'Brien fork,Shane harbors,5.0,2.5,2,0,yes,2024-11-03 00:10:00,5.0
773,7,34,8,9,Williams loop,O'Brien fork,3.5,1.75,2,0,yes,2024-11-05 01:10:00,3.5
774,6,37,10,10,Davies harbor,Port Victoria,18.5,9.25,2,0,yes,2024-11-16 00:50:00,18.5
775,39,16,5,3,Lewis forks,Swift ports,5.0,2.5,1,2,yes,2024-11-08 00:20:00,5.0
776,23,29,9,5,Neil radial,Alison valleys,15.5,7.75,1,0,yes,2024-11-18 00:10:00,0.0
777,42,22,5,3,Owen throughway,Stephanie unions,17.0,8.5,1,1,yes,2024-11-20 00:30:00,8.5
778,6,49,6,8,Stephanie unions,Jodie island,20.0,10.0,3,1,yes,2024-11-08 00:30:00,50.0
779,8,12,3,2,Mohammed parks,Jack mountain,3.5,1.75,3,2,yes,2024-11-08 01:10:00,10.5
780,22,23,9,5,Jake mills,Palmer fords,6.5,3.25,1,2,yes,2024-11-02 00:20:00,6.5
781,17,25,6,8,Roberts knolls,Smith divide,8.0,4.0,3,2,yes,2024-11-14 01:10:00,24.0
782,39,14,9,5,Holt spur,Julie mountain,11.0,5.5,1,2,yes,2024-11-12 01:20:00,11.0
783,44,12,1,1,Laura shores,Thomas common,8.0,4.0,2,1,yes,2024-11-07 00:50:00,12.0
784,3,40,6,8,Lauren courts,Lewis forks,11.0,5.5,1,1,yes,2024-11-01 01:20:00,5.5
785,31,31,7,4,Williams loop,Ashleigh points,11.0,5.5,3,2,yes,2024-11-04 00:20:00,33.0
786,35,3,8,9,Diane gateway,Shane harbors,8.0,4.0,1,0,yes,2024-11-19 00:20:00,0.0
787,39,10,5,3,Lewis forks,Hall brooks,15.5,7.75,2,2,yes,2024-11-13 00:20:00,31.0
788,38,4,2,6,Murray point,Lauren fall,11.0,5.5,3,1,yes,2024-11-03 00:40:00,27.5
789,49,43,10,10,Ross square,Daniels common,15.5,7.75,1,1,yes,2024-11-15 00:30:00,7.75
790,21,42,5,3,Brenda river,Jeffrey squares,6.5,3.25,3,2,yes,2024-11-22 02:00:00,19.5
791,50,26,9,5,Ross square,Daveymouth,6.5,3.25,1,2,yes,2024-11-18 02:10:00,6.5
792,44,41,3,2,Mohammed parks,Khan mall,9.5,4.75,3,1,yes,2024-11-04 01:10:00,23.75
793,7,24,10,10,Davies harbor,Alison valleys,3.5,1.75,1,1,yes,2024-11-05 00:50:00,1.75
794,31,5,9,5,Palmer fords,Watkins brooks,3.5,1.75,2,0,yes,2024-11-08 00:50:00,3.5
795,8,40,2,6,Lake Maureen,Murray causeway,9.5,4.75,1,2,yes,2024-11-20 00:00:00,9.5
796,17,30,5,3,Jodie island,Stephanie unions,20.0,10.0,1,0,yes,2024-11-09 00:10:00,0.0
797,9,5,9,5,Neil radial,Alison valleys,15.5,7.75,3,1,yes,2024-11-02 00:10:00,38.75
798,24,26,8,9,Port Ryanside,O'Brien fork,14.0,7.0,2,0,yes,2024-11-12 00:00:00,14.0
799,11,13,4,7,Jack mountain,Sharp lane,5.0,2.5,2,0,yes,2024-11-17 01:00:00,5.0
800,16,22,1,1,Thomas glens,Karen turnpike,3.5,1.75,3,1,yes,2024-11-13 00:30:00,8.75
801,20,40,7,4,Shane harbors,Diane gateway,8.0,4.0,3,1,yes,2024-11-15 00:30:00,20.0
802,26,33,3,2,Dorothy court,Mohammed parks,11.0,5.5,2,2,yes,2024-11-19 00:10:00,22.0
803,8,3,8,9,Collins vista,Shane harbors,6.5,3.25,2,2,yes,2024-11-17 00:30:00,13.0
804,22,33,5,3,Owen throughway,Clare river,18.5,9.25,3,0,yes,2024-11-11 00:30:00,37.0
805,20,25,5,3,Lewis forks,Marilyn junctions,9.5,4.75,3,1,yes,2024-11-03 00:20:00,23.75
806,40,47,7,4,Jennifer views,Port Ryanside,9.5,4.75,3,0,yes,2024-11-09 00:40:00,19.0
807,28,1,3,2,Gregory lodge,Edwards junctions,5.0,2.5,3,0,yes,2024-11-06 01:50:00,10.0
808,36,37,5,3,Peter road,Roberts knolls,6.5,3.25,3,2,yes,2024-11-03 01:00:00,19.5
809,33,2,9,5,Hopkins corner,Davies harbor,8.0,4.0,3,2,yes,2024-11-19 01:10:00,24.0
810,33,35,2,6,Murray causeway,Lauren fall,9.5,4.75,3,0,yes,2024-11-18 00:50:00,19.0
811,41,30,3,2,Andrea knolls,Gregory lodge,15.5,7.75,1,2,yes,2024-11-06 00:20:00,15.5
812,18,38,7,4,Williams loop,Ashleigh points,11.0,5.5,1,1,yes,2024-11-06 00:20:00,5.5
813,39,23,7,4,Shane harbors,Laura canyon,5.0,2.5,3,1,yes,2024-11-08 00:30:00,12.5
814,9,45,7,4,Jennifer views,Ashleigh points,8.0,4.0,3,2,yes,2024-11-22 00:40:00,24.0
815,23,32,7,4,Ashleigh points,Port Ryanside,3.5,1.75,1,1,yes,2024-11-09 01:20:00,1.75
816,47,17,6,8,Hall brooks,Smith divide,11.0,5.5,1,1,yes,2024-11-17 00:50:00,5.5
817,44,2,6,8,Smith divide,East Martin,9.5,4.75,2,0,yes,2024-11-11 01:50:00,9.5
818,27,37,7,4,Jennifer views,Collins vista,5.0,2.5,3,2,yes,2024-11-06 00:40:00,15.0
819,37,44,1,1,Lauren fall,Thomas common,12.5,6.25,1,0,yes,2024-11-02 00:20:00,0.0
820,36,2,4,7,Gregory lodge,Davies ranch,11.0,5.5,3,2,yes,2024-11-06 00:30:00,33.0
821,36,6,2,6,Thomas common,Moore shoal,6.5,3.25,3,1,yes,2024-11-16 00:30:00,16.25
822,30,14,5,3,Lewis forks,Brenda river,17.0,8.5,2,2,yes,2024-11-13 00:20:00,34.0
823,33,10,10,10,Holt spur,Neil radial,12.5,6.25,1,0,yes,2024-11-14 01:20:00,0.0
824,38,11,8,9,Ashleigh points,Laura canyon,6.5,3.25,1,2,yes,2024-11-08 00:10:00,6.5
825,12,23,10,10,Ross square,Hopkins corner,11.0,5.5,2,0,yes,2024-11-20 00:30:00,11.0
826,30,46,3,2,Port Russell,Jack mountain,14.0,7.0,1,0,yes,2024-11-19 00:00:00,0.0
827,15,32,3,2,Andrea knolls,Sharp lane,8.0,4.0,2,0,yes,2024-11-09 00:20:00,8.0
828,25,27,4,7,Jack mountain,Andrea knolls,11.0,5.5,3,0,yes,2024-11-05 01:00:00,22.0
829,32,11,2,6,Rogers lock,Lauren fall,15.5,7.75,1,0,yes,2024-11-09 00:10:00,0.0
830,42,2,6,8,Smith divide,Lewis forks,6.5,3.25,1,2,yes,2024-11-02 01:50:00,6.5
831,45,39,2,6,Laura shores,Karen turnpike,3.5,1.75,3,2,yes,2024-11-01 01:10:00,10.5
832,6,26,2,6,Laura shores,South Melanie,9.5,4.75,1,0,yes,2024-11-05 01:10:00,0.0
833,37,50,10,10,Hill villages,Palmer fords,17.0,8.5,3,0,yes,2024-11-19 00:10:00,34.0
834,50,49,5,3,Roberts knolls,Jeffrey squares,11.0,5.5,3,0,yes,2024-11-20 01:30:00,22.0
835,29,3,10,10,Hill villages,Cameron meadows,11.0,5.5,1,2,yes,2024-11-14 00:10:00,11.0
836,48,38,6,8,Marcusfurt,Marilyn junctions,15.5,7.75,1,0,yes,2024-11-21 00:00:00,0.0
837,50,8,7,4,East Nathanhaven,Jennifer views,8.0,4.0,2,1,yes,2024-11-14 00:00:00,12.0
838,,44,4,7,Khan mall,Port Russell,20.0,10.0,3,2,no,2024-11-17 00:20:00,80.0
839,37,35,2,6,Rogers lock,Moore shoal,9.5,4.75,3,2,yes,2024-11-05 00:10:00,28.5
840,47,34,7,4,Collins vista,Ashleigh points,5.0,2.5,2,0,yes,2024-11-11 01:00:00,5.0
841,44,10,5,3,East Martin,Clare river,23.0,11.5,3,0,yes,2024-11-04 00:00:00,46.0
842,,48,10,10,Holt spur,Neil radial,12.5,6.25,2,0,no,2024-11-11 01:20:00,25.0
843,11,13,1,1,Lauren fall,Green loaf,14.0,7.0,2,1,yes,2024-11-04 00:20:00,21.0
844,4,41,3,2,Sharp lane,Mohammed parks,3.5,1.75,3,2,yes,2024-11-10 01:00:00,10.5
845,41,17,9,5,Daniels common,Palmer fords,3.5,1.75,3,0,yes,2024-11-19 00:40:00,7.0
846,50,20,8,9,Port Ryanside,Ashleigh points,3.5,1.75,2,1,yes,2024-11-14 00:00:00,5.25
847,29,44,8,9,Laura canyon,Jennifer views,3.5,1.75,2,2,yes,2024-11-17 00:40:00,7.0
848,40,50,4,7,Donald corner,Scott ways,12.5,6.25,2,2,yes,2024-11-12 00:40:00,25.0
849,48,21,2,6,Rogers lock,Mitchell walk,17.0,8.5,3,2,yes,2024-11-11 00:10:00,51.0
850,18,11,6,8,Jeffrey squares,Peter road,15.5,7.75,2,0,yes,2024-11-19 00:10:00,15.5
851,40,20,5,3,Lauren courts,Hall brooks,6.5,3.25,2,0,yes,2024-11-19 01:20:00,6.5
852,45,12,8,9,Collins vista,Shane harbors,6.5,3.25,3,1,yes,2024-11-13 00:30:00,16.25
853,44,10,4,7,Edwards junctions,Davies ranch,14.0,7.0,1,1,yes,2024-11-13 00:10:00,7.0
854,23,9,6,8,Hall brooks,Lauren courts,6.5,3.25,3,1,yes,2024-11-01 00:50:00,16.25
855,45,32,3,2,Mohammed parks,Hall ways,5.0,2.5,2,2,yes,2024-11-13 01:10:00,10.0
856,35,9,1,1,Lauren fall,Green loaf,14.0,7.0,3,1,yes,2024-11-05 00:20:00,35.0
857,5,16,8,9,Collins vista,Williams loop,8.0,4.0,1,0,yes,2024-11-10 00:30:00,0.0
858,38,14,4,7,Khan mall,Andrea knolls,17.0,8.5,3,1,yes,2024-11-03 00:20:00,42.5
859,11,47,9,5,Hooper fort,Watkins brooks,6.5,3.25,3,1,yes,2024-11-03 00:30:00,16.25
860,27,40,5,3,Peter road,Marcusfurt,17.0,8.5,1,1,yes,2024-11-11 01:00:00,8.5
861,11,50,8,9,Diane gateway,Collins vista,3.5,1.75,1,1,yes,2024-11-20 00:20:00,1.75
862,27,3,1,1,South Melanie,Mitchell walk,3.5,1.75,2,1,yes,2024-11-19 00:00:00,5.25
863,3,10,9,5,Neil radial,Jake mills,3.5,1.75,1,1,yes,2024-11-02 00:10:00,1.75
864,49,33,5,3,Lauren courts,Davies ferry,5.0,2.5,1,2,yes,2024-11-14 01:20:00,5.0
865,1,36,6,8,Peter road,Lewis forks,8.0,4.0,2,0,yes,2024-11-12 01:40:00,8.0
866,44,43,3,2,Jack mountain,Donald corner,5.0,2.5,2,1,yes,2024-11-19 01:20:00,7.5
867,9,39,10,10,Ross square,Holt spur,9.5,4.75,3,2,yes,2024-11-22 00:30:00,28.5
868,,31,3,2,Port Russell,Sharp lane,11.0,5.5,3,1,no,2024-11-13 00:00:00,38.5
869,50,8,10,10,Hill villages,Davies harbor,8.0,4.0,3,2,yes,2024-11-13 00:10:00,24.0
870,13,14,6,8,Brenda river,Smith divide,12.5,6.25,1,2,yes,2024-11-01 00:40:00,12.5
871,50,11,9,5,Hill villages,Daveymouth,3.5,1.75,3,1,yes,2024-11-17 02:30:00,8.75
872,20,28,7,4,Shane harbors,Port Ryanside,11.0,5.5,2,0,yes,2024-11-13 00:30:00,11.0
873,48,9,8,9,Laura canyon,Jennifer views,3.5,1.75,3,1,yes,2024-11-14 00:40:00,8.75
874,37,41,9,5,Hopkins corner,Alison valleys,6.5,3.25,1,2,yes,2024-11-15 01:10:00,6.5
875,13,10,6,8,Roberts knolls,East Martin,15.5,7.75,3,0,yes,2024-11-12 01:10:00,31.0
876,27,23,4,7,Hall ways,Hazel brooks,9.5,4.75,3,2,yes,2024-11-10 00:50:00,28.5
877,28,37,1,1,South Melanie,Green loaf,17.0,8.5,2,0,yes,2024-11-11 00:00:00,17.0
878,14,44,10,10,Watkins brooks,Palmer fords,3.5,1.75,2,0,yes,2024-11-16 01:40:00,3.5
879,23,12,5,3,Lewis forks,Marcusfurt,23.0,11.5,1,0,yes,2024-11-19 00:20:00,0.0
880,42,30,10,10,Daveymouth,Henderson cliffs,8.0,4.0,2,2,yes,2024-11-08 00:00:00,16.0
881,4,3,7,4,Shane harbors,Collins vista,6.5,3.25,2,2,yes,2024-11-20 00:30:00,13.0
882,6,13,8,9,Laura canyon,East Nathanhaven,9.5,4.75,3,2,yes,2024-11-15 00:40:00,28.5
883,14,50,3,2,Jack mountain,Edwards junctions,9.5,4.75,3,2,yes,2024-11-10 01:20:00,28.5
884,40,9,7,4,O'Brien fork,Ashleigh points,12.5,6.25,1,0,yes,2024-11-06 00:10:00,0.0
885,10,45,8,9,Laura canyon,O'Brien fork,8.0,4.0,3,2,yes,2024-11-05 00:40:00,24.0
886,37,7,3,2,Dorothy court,Jack mountain,12.5,6.25,1,2,yes,2024-11-09 00:10:00,12.5
887,43,1,9,5,Jake mills,Cameron meadows,12.5,6.25,1,2,yes,2024-11-01 00:20:00,12.5
888,18,29,1,1,Laura shores,Moore shoal,3.5,1.75,3,2,yes,2024-11-10 00:50:00,10.5
889,39,31,1,1,Murray point,Thomas common,3.5,1.75,2,1,yes,2024-11-17 01:20:00,5.25
890,39,25,9,5,Alison valleys,Daveymouth,11.0,5.5,1,2,yes,2024-11-03 01:40:00,11.0
891,2,48,1,1,Murray causeway,Rogers lock,8.0,4.0,1,0,yes,2024-11-19 01:10:00,0.0
892,46,8,1,1,Thomas glens,Murray point,9.5,4.75,2,2,yes,2024-11-16 00:30:00,19.0
893,50,14,8,9,Ashleigh points,Collins vista,5.0,2.5,2,1,yes,2024-11-01 00:10:00,7.5
894,45,33,9,5,Holt spur,Ross square,9.5,4.75,3,1,yes,2024-11-02 01:20:00,23.75
895,,17,4,7,Edwards junctions,Hall ways,8.0,4.0,1,2,no,2024-11-19 00:10:00,16.0
896,17,44,10,10,Watkins brooks,Port Victoria,11.0,5.5,2,2,yes,2024-11-08 01:40:00,22.0
897,6,21,4,7,Edwards junctions,Andrea knolls,18.5,9.25,2,2,yes,2024-11-17 00:10:00,37.0
898,25,16,3,2,Scott ways,Mohammed parks,8.0,4.0,3,2,yes,2024-11-02 00:30:00,24.0
899,3,24,7,4,Jennifer views,Laura canyon,3.5,1.75,3,2,yes,2024-11-16 00:40:00,10.5
900,14,1,1,1,Moore shoal,Green loaf,8.0,4.0,3,2,yes,2024-11-06 01:00:00,24.0
901,7,7,1,1,South Melanie,Mitchell walk,3.5,1.75,1,0,yes,2024-11-01 00:00:00,0.0
902,10,43,9,5,Daniels common,Ross square,15.5,7.75,3,1,yes,2024-11-09 00:40:00,38.75
903,15,24,9,5,Watkins brooks,Henderson cliffs,11.0,5.5,1,0,yes,2024-11-20 01:00:00,0.0
904,1,46,4,7,Hall ways,Jack mountain,3.5,1.75,3,1,yes,2024-11-16 00:50:00,8.75
905,43,13,1,1,Moore shoal,Green loaf,8.0,4.0,2,0,yes,2024-11-21 01:00:00,8.0
906,4,12,9,5,Hooper fort,Henderson cliffs,15.5,7.75,3,2,yes,2024-11-04 00:30:00,46.5
907,25,32,3,2,Hazel brooks,Hall ways,9.5,4.75,2,1,yes,2024-11-17 00:40:00,14.25
908,36,6,2,6,Green loaf,Mitchell walk,15.5,7.75,1,1,yes,2024-11-05 00:20:00,7.75
909,5,28,8,9,Port Ryanside,Williams loop,12.5,6.25,1,2,yes,2024-11-19 00:00:00,12.5
910,13,23,1,1,Karen turnpike,Lake Maureen,14.0,7.0,1,0,yes,2024-11-09 00:40:00,0.0
911,17,10,3,2,Port Russell,Khan mall,20.0,10.0,2,1,yes,2024-11-06 00:00:00,30.0
912,40,5,7,4,O'Brien fork,Port Ryanside,14.0,7.0,1,0,yes,2024-11-03 00:10:00,0.0
913,49,4,1,1,South Melanie,Thomas common,15.5,7.75,2,1,yes,2024-11-13 00:00:00,23.25
914,48,40,10,10,Julie mountain,Davies harbor,6.5,3.25,1,0,yes,2024-11-19 00:20:00,0.0
915,36,45,8,9,Collins vista,Jennifer views,5.0,2.5,2,2,yes,2024-11-07 00:30:00,10.0
916,10,5,7,4,East Nathanhaven,Collins vista,11.0,5.5,3,0,yes,2024-11-17 00:00:00,22.0
917,41,47,6,8,Marilyn junctions,East Martin,12.5,6.25,1,0,yes,2024-11-03 01:30:00,0.0
918,5,32,9,5,Jake mills,Hill villages,21.5,10.75,1,1,yes,2024-11-07 00:20:00,10.75
919,32,26,10,10,Julie mountain,Henderson cliffs,5.0,2.5,2,0,yes,2024-11-02 00:20:00,5.0
920,31,27,10,10,Julie mountain,Hooper fort,18.5,9.25,2,2,yes,2024-11-04 00:20:00,37.0
921,31,12,10,10,Daveymouth,Daniels common,20.0,10.0,3,0,yes,2024-11-19 00:00:00,40.0
922,6,1,6,8,Clare river,East Martin,23.0,11.5,1,1,yes,2024-11-13 00:20:00,11.5
923,36,34,1,1,Lauren fall,Moore shoal,8.0,4.0,1,0,yes,2024-11-16 00:20:00,0.0
924,18,31,3,2,Dorothy court,Gregory lodge,17.0,8.5,3,0,yes,2024-11-21 00:10:00,34.0
925,16,44,7,4,O'Brien fork,Shane harbors,5.0,2.5,2,0,yes,2024-11-21 00:10:00,5.0
926,6,43,1,1,Mitchell walk,Thomas common,14.0,7.0,3,1,yes,2024-11-05 00:10:00,35.0
927,24,37,9,5,Hopkins corner,Holt spur,3.5,1.75,1,1,yes,2024-11-02 01:10:00,1.75
928,35,1,10,10,Hill villages,Alison valleys,9.5,4.75,1,1,yes,2024-11-04 00:10:00,4.75
929,6,26,10,10,Davies harbor,Jake mills,15.5,7.75,2,0,yes,2024-11-10 00:50:00,15.5
930,11,17,7,4,East Nathanhaven,Shane harbors,6.5,3.25,3,1,yes,2024-11-20 00:00:00,16.25
931,15,46,9,5,Alison valleys,Ross square,6.5,3.25,1,0,yes,2024-11-13 01:40:00,0.0
932,23,32,9,5,Julie mountain,Daveymouth,5.0,2.5,3,0,yes,2024-11-17 02:20:00,10.0
933,25,44,10,10,Ross square,Hooper fort,17.0,8.5,3,0,yes,2024-11-15 00:30:00,34.0
934,7,32,8,9,Williams loop,East Nathanhaven,5.0,2.5,3,0,yes,2024-11-18 01:10:00,10.0
935,38,11,10,10,Daveymouth,Port Victoria,26.0,13.0,3,1,yes,2024-11-15 00:00:00,65.0
936,2,10,5,3,Hall brooks,Marcusfurt,9.5,4.75,3,1,yes,2024-11-14 01:50:00,23.75
937,48,9,6,8,Jeffrey squares,Davies ferry,9.5,4.75,3,2,yes,2024-11-07 00:10:00,28.5
938,11,24,4,7,Khan mall,Donald corner,5.0,2.5,3,0,yes,2024-11-19 00:20:00,10.0
939,18,15,8,9,Ashleigh points,Laura canyon,6.5,3.25,1,2,yes,2024-11-21 00:10:00,6.5
940,48,35,1,1,Thomas common,Lake Maureen,6.5,3.25,2,2,yes,2024-11-07 01:30:00,13.0
941,34,37,2,6,Lake Maureen,Green loaf,5.0,2.5,2,2,yes,2024-11-19 00:00:00,10.0
942,16,20,5,3,East Martin,Jodie island,3.5,1.75,2,0,yes,2024-11-03 00:00:00,3.5
943,3,25,2,6,Moore shoal,Laura shores,3.5,1.75,3,2,yes,2024-11-14 01:00:00,10.5
944,17,30,2,6,Thomas common,Lauren fall,12.5,6.25,2,2,yes,2024-11-17 00:30:00,25.0
945,33,20,4,7,Khan mall,Port Russell,20.0,10.0,3,2,yes,2024-11-17 00:20:00,60.0
946,10,26,7,4,East Nathanhaven,Ashleigh points,14.0,7.0,1,1,yes,2024-11-14 00:00:00,7.0
947,42,49,9,5,Palmer fords,Julie mountain,15.5,7.75,1,0,yes,2024-11-14 00:50:00,0.0
948,21,26,3,2,Sharp lane,West Terryside,14.0,7.0,3,2,yes,2024-11-17 01:00:00,42.0
949,43,28,7,4,East Nathanhaven,Shane harbors,6.5,3.25,2,1,yes,2024-11-06 00:00:00,9.75
950,23,48,7,4,O'Brien fork,Ashleigh points,12.5,6.25,2,0,yes,2024-11-22 00:10:00,12.5
951,45,10,1,1,Laura shores,Green loaf,9.5,4.75,3,2,yes,2024-11-07 00:50:00,28.5
952,31,37,2,6,Thomas glens,Mitchell walk,5.0,2.5,2,1,yes,2024-11-17 01:30:00,7.5
953,47,8,6,8,Clare river,Lewis forks,20.0,10.0,2,0,yes,2024-11-14 00:20:00,20.0
954,5,31,6,8,Hall brooks,Roberts knolls,5.0,2.5,3,1,yes,2024-11-21 00:50:00,12.5
955,23,43,7,4,Collins vista,Diane gateway,3.5,1.75,3,2,yes,2024-11-12 01:00:00,10.5
956,5,24,5,3,Owen throughway,Davies ferry,12.5,6.25,3,2,yes,2024-11-18 00:30:00,37.5
957,22,2,3,2,Scott ways,Jack mountain,9.5,4.75,2,1,yes,2024-11-18 00:30:00,14.25
958,45,44,8,9,Williams loop,East Nathanhaven,5.0,2.5,3,2,yes,2024-11-16 01:10:00,15.0
959,37,20,10,10,Cameron meadows,Hopkins corner,5.0,2.5,2,2,yes,2024-11-12 01:10:00,10.0
960,49,1,8,9,Collins vista,East Nathanhaven,11.0,5.5,3,1,yes,2024-11-21 00:30:00,27.5
961,39,7,3,2,Hazel brooks,Hall ways,9.5,4.75,2,1,yes,2024-11-14 00:40:00,14.25
962,36,32,4,7,Khan mall,Dorothy court,18.5,9.25,2,0,yes,2024-11-15 00:20:00,18.5
963,26,14,4,7,Khan mall,Dorothy court,18.5,9.25,1,1,yes,2024-11-19 00:20:00,9.25
964,30,5,5,3,Jodie island,Jeffrey squares,23.0,11.5,2,1,yes,2024-11-04 00:10:00,34.5
965,19,40,5,3,Stephanie unions,Marcusfurt,6.5,3.25,3,2,yes,2024-11-15 02:10:00,19.5
966,,3,3,2,Davies ranch,Jack mountain,6.5,3.25,2,0,no,2024-11-05 00:50:00,13.0
967,5,5,1,1,Karen turnpike,Lake Maureen,14.0,7.0,3,1,yes,2024-11-07 00:40:00,35.0
968,17,28,3,2,Andrea knolls,Mohammed parks,9.5,4.75,3,2,yes,2024-11-04 00:20:00,28.5
969,47,5,4,7,Mohammed parks,Andrea knolls,9.5,4.75,3,0,yes,2024-11-16 01:10:00,19.0
970,31,31,2,6,Rogers lock,Lauren fall,15.5,7.75,3,0,yes,2024-11-03 00:10:00,31.0
971,41,4,2,6,Lake Maureen,Green loaf,5.0,2.5,2,1,yes,2024-11-05 00:00:00,7.5
972,40,16,9,5,Daniels common,Ross square,15.5,7.75,1,2,yes,2024-11-16 00:40:00,15.5
973,5,50,5,3,Lewis forks,Brenda river,17.0,8.5,3,1,yes,2024-11-14 00:20:00,42.5
974,33,1,1,1,Mitchell walk,Karen turnpike,6.5,3.25,3,1,yes,2024-11-07 00:10:00,16.25
975,24,44,2,6,Green loaf,Moore shoal,8.0,4.0,2,1,yes,2024-11-10 00:20:00,12.0
976,33,10,6,8,Brenda river,Davies ferry,5.0,2.5,2,2,yes,2024-11-09 00:40:00,10.0
977,6,37,5,3,Roberts knolls,Davies ferry,3.5,1.75,1,1,yes,2024-11-01 01:30:00,1.75
978,46,46,9,5,Hill villages,Daveymouth,3.5,1.75,3,0,yes,2024-11-07 02:30:00,7.0
979,39,46,8,9,Shane harbors,O'Brien fork,5.0,2.5,1,0,yes,2024-11-11 01:00:00,0.0
980,24,35,8,9,Ashleigh points,Shane harbors,9.5,4.75,2,0,yes,2024-11-01 00:10:00,9.5
981,7,23,5,3,Roberts knolls,Davies ferry,3.5,1.75,1,1,yes,2024-11-11 01:30:00,1.75
982,4,2,3,2,Jack mountain,Hall ways,3.5,1.75,2,0,yes,2024-11-06 01:20:00,3.5
983,19,15,10,10,Hill villages,Ross square,5.0,2.5,1,0,yes,2024-11-16 00:10:00,0.0
984,28,8,5,3,Brenda river,Jeffrey squares,6.5,3.25,2,1,yes,2024-11-04 02:00:00,9.75
985,7,15,7,4,Diane gateway,Ashleigh points,3.5,1.75,2,1,yes,2024-11-05 01:10:00,5.25
986,40,42,2,6,Lake Maureen,Thomas glens,15.5,7.75,1,1,yes,2024-11-11 00:00:00,7.75
987,28,9,9,5,Jake mills,Hopkins corner,9.5,4.75,2,2,yes,2024-11-11 00:20:00,19.0
988,38,31,5,3,East Martin,Roberts knolls,15.5,7.75,1,1,yes,2024-11-08 00:00:00,7.75
989,47,4,9,5,Holt spur,Davies harbor,6.5,3.25,3,0,yes,2024-11-21 01:20:00,13.0
990,48,24,10,10,Hill villages,Watkins brooks,15.5,7.75,3,0,yes,2024-11-13 00:10:00,31.0
991,32,41,4,7,Mohammed parks,Port Russell,12.5,6.25,1,1,yes,2024-11-03 01:10:00,6.25
992,27,40,1,1,Lauren fall,Murray causeway,9.5,4.75,1,0,yes,2024-11-09 00:20:00,0.0
993,11,37,7,4,O'Brien fork,Shane harbors,5.0,2.5,2,2,yes,2024-11-16 00:10:00,10.0
994,35,45,1,1,Murray causeway,Rogers lock,8.0,4.0,1,2,yes,2024-11-13 01:10:00,8.0
995,38,39,2,6,Green loaf,Thomas common,3.5,1.75,3,1,yes,2024-11-13 00:20:00,8.75
996,33,12,3,2,Davies ranch,Jack mountain,6.5,3.25,2,0,yes,2024-11-01 00:50:00,6.5
997,39,43,1,1,Mitchell walk,Thomas common,14.0,7.0,3,0,yes,2024-11-11 00:10:00,28.0
998,21,34,6,8,Jeffrey squares,Swift ports,18.5,9.25,3,1,yes,2024-11-20 00:10:00,46.25
999,22,3,5,3,Owen throughway,Stephanie unions,17.0,8.5,3,0,yes,2024-11-10 00:30:00,34.0
1000,27,31,9,5,Henderson cliffs,Hill villages,6.5,3.25,2,2,yes,2024-11-16 02:00:00,13.0
1001,25,11,4,7,Davies ranch,Hazel brooks,3.5,1.75,2,0,yes,2024-11-05 01:30:00,3.5
1002,2,32,10,10,Holt spur,Hopkins corner,3.5,1.75,1,0,yes,2024-11-20 01:20:00,0.0
1003,8,26,4,7,Jack mountain,Mohammed parks,3.5,1.75,3,2,yes,2024-11-19 01:00:00,10.5
1004,1,47,4,7,Sharp lane,Davies ranch,3.5,1.75,2,2,yes,2024-11-10 01:20:00,7.0
1005,41,35,7,4,East Nathanhaven,Port Ryanside,15.5,7.75,2,0,yes,2024-11-15 00:00:00,15.5
1006,11,44,4,7,West Terryside,Sharp lane,14.0,7.0,1,1,yes,2024-11-15 00:00:00,7.0
1007,34,28,6,8,Jeffrey squares,Swift ports,18.5,9.25,2,2,yes,2024-11-17 00:10:00,37.0
1008,9,8,4,7,West Terryside,Jack mountain,11.0,5.5,3,2,yes,2024-11-20 00:00:00,33.0
1009,49,5,2,6,Rogers lock,Mitchell walk,17.0,8.5,1,2,yes,2024-11-20 00:10:00,17.0
1010,26,39,1,1,Mitchell walk,Rogers lock,17.0,8.5,3,0,yes,2024-11-10 00:10:00,34.0
1011,21,30,6,8,Peter road,Smith divide,3.5,1.75,1,2,yes,2024-11-12 01:40:00,3.5
1012,46,16,8,9,Collins vista,Laura canyon,3.5,1.75,1,1,yes,2024-11-02 00:30:00,1.75
1013,27,33,9,5,Port Victoria,Hopkins corner,12.5,6.25,3,0,yes,2024-11-15 00:00:00,25.0
1014,2,19,9,5,Alison valleys,Ross square,6.5,3.25,2,2,yes,2024-11-08 01:40:00,13.0
1015,31,41,2,6,Moore shoal,Lauren fall,8.0,4.0,3,2,yes,2024-11-08 01:00:00,24.0
1016,19,27,10,10,Julie mountain,Hopkins corner,12.5,6.25,2,0,yes,2024-11-08 00:20:00,12.5
1017,8,17,7,4,O'Brien fork,Shane harbors,5.0,2.5,3,2,yes,2024-11-11 00:10:00,15.0
1018,16,37,9,5,Neil radial,Holt spur,12.5,6.25,2,2,yes,2024-11-01 00:10:00,25.0
1019,21,7,1,1,Thomas glens,Lake Maureen,15.5,7.75,3,1,yes,2024-11-18 00:30:00,38.75
1020,10,19,1,1,Lauren fall,Green loaf,14.0,7.0,1,0,yes,2024-11-13 00:20:00,0.0
1021,6,39,2,6,Lake Maureen,Rogers lock,3.5,1.75,3,0,yes,2024-11-20 00:00:00,7.0
1022,11,6,5,3,Peter road,Roberts knolls,6.5,3.25,1,1,yes,2024-11-02 01:00:00,3.25
1023,30,16,6,8,Lauren courts,Swift ports,8.0,4.0,2,0,yes,2024-11-13 01:20:00,8.0
1024,33,15,10,10,Ross square,Henderson cliffs,3.5,1.75,2,2,yes,2024-11-20 00:30:00,7.0
1025,7,23,4,7,Mohammed parks,Port Russell,12.5,6.25,2,0,yes,2024-11-08 01:10:00,12.5
1026,19,9,5,3,Owen throughway,Peter road,6.5,3.25,3,2,yes,2024-11-19 00:30:00,19.5
1027,32,48,5,3,Marilyn junctions,Stephanie unions,11.0,5.5,2,0,yes,2024-11-01 01:10:00,11.0
1028,21,5,8,9,Collins vista,East Nathanhaven,11.0,5.5,1,0,yes,2024-11-10 00:30:00,0.0
1029,41,2,2,6,Rogers lock,Thomas glens,14.0,7.0,1,0,yes,2024-11-07 00:10:00,0.0
1030,17,5,9,5,Port Victoria,Watkins brooks,11.0,5.5,3,2,yes,2024-11-21 00:00:00,33.0
1031,15,20,9,5,Watkins brooks,Holt spur,5.0,2.5,2,2,yes,2024-11-10 01:00:00,10.0
1032,34,14,10,10,Ross square,Watkins brooks,12.5,6.25,3,1,yes,2024-11-04 00:30:00,31.25
1033,26,25,7,4,Laura canyon,Port Ryanside,8.0,4.0,1,0,yes,2024-11-15 00:50:00,0.0
1034,45,19,5,3,East Martin,Hall brooks,18.5,9.25,1,0,yes,2024-11-16 00:00:00,0.0
1035,40,28,3,2,Scott ways,Hazel brooks,3.5,1.75,2,2,yes,2024-11-12 00:30:00,7.0
1036,34,6,9,5,Palmer fords,Ross square,14.0,7.0,3,0,yes,2024-11-07 00:50:00,28.0
1037,26,49,4,7,Gregory lodge,Scott ways,14.0,7.0,1,2,yes,2024-11-16 00:30:00,14.0
1038,48,23,10,10,Cameron meadows,Neil radial,14.0,7.0,3,0,yes,2024-11-07 01:10:00,28.0
1039,6,18,8,9,Diane gateway,Collins vista,3.5,1.75,2,1,yes,2024-11-17 00:20:00,5.25
1040,40,28,7,4,O'Brien fork,Jennifer views,6.5,3.25,3,2,yes,2024-11-01 00:10:00,19.5
1041,29,6,8,9,Port Ryanside,Shane harbors,11.0,5.5,2,0,yes,2024-11-19 00:00:00,11.0
1042,36,47,7,4,Collins vista,Port Ryanside,6.5,3.25,1,2,yes,2024-11-09 01:00:00,6.5
1043,14,22,1,1,Murray point,Thomas common,3.5,1.75,2,1,yes,2024-11-16 01:20:00,5.25
1044,50,14,8,9,Diane gateway,Laura canyon,5.0,2.5,2,2,yes,2024-11-16 00:20:00,10.0
1045,25,50,4,7,West Terryside,Dorothy court,21.5,10.75,3,0,yes,2024-11-04 00:00:00,43.0
1046,30,44,3,2,Edwards junctions,West Terryside,3.5,1.75,3,0,yes,2024-11-10 02:10:00,7.0
1047,44,23,7,4,Ashleigh points,Port Ryanside,3.5,1.75,3,0,yes,2024-11-05 01:20:00,7.0
1048,31,10,6,8,Davies ferry,Owen throughway,12.5,6.25,3,1,yes,2024-11-12 01:00:00,31.25
1049,36,5,9,5,Watkins brooks,Hill villages,15.5,7.75,1,0,yes,2024-11-17 01:00:00,0.0
1050,20,30,4,7,Scott ways,Port Russell,6.5,3.25,1,0,yes,2024-11-10 01:50:00,0.0
1051,,11,2,6,Lake Maureen,Laura shores,12.5,6.25,3,2,no,2024-11-06 00:00:00,50.0
1052,46,45,8,9,Collins vista,Laura canyon,3.5,1.75,1,0,yes,2024-11-01 00:30:00,0.0
1053,23,25,2,6,Murray point,Mitchell walk,12.5,6.25,2,0,yes,2024-11-18 00:40:00,12.5
1054,12,2,3,2,Davies ranch,West Terryside,15.5,7.75,2,1,yes,2024-11-06 00:50:00,23.25
1055,27,26,3,2,Dorothy court,Davies ranch,8.0,4.0,2,2,yes,2024-11-05 00:10:00,16.0
1056,2,50,3,2,Jack mountain,Gregory lodge,6.5,3.25,2,2,yes,2024-11-03 01:20:00,13.0
1057,8,1,4,7,Donald corner,Sharp lane,8.0,4.0,1,0,yes,2024-11-12 00:40:00,0.0
1058,47,16,8,9,Collins vista,Laura canyon,3.5,1.75,2,1,yes,2024-11-16 00:30:00,5.25
1059,11,22,10,10,Ross square,Daniels common,15.5,7.75,2,1,yes,2024-11-01 00:30:00,23.25
1060,19,7,6,8,Peter road,Smith divide,3.5,1.75,2,2,yes,2024-11-04 01:40:00,7.0
1061,7,24,8,9,Williams loop,O'Brien fork,3.5,1.75,2,2,yes,2024-11-05 01:10:00,7.0
1062,10,44,3,2,Gregory lodge,Edwards junctions,5.0,2.5,2,2,yes,2024-11-13 01:50:00,10.0
1063,44,36,5,3,Lewis forks,Brenda river,17.0,8.5,1,0,yes,2024-11-20 00:20:00,0.0
1064,42,8,2,6,Karen turnpike,South Melanie,8.0,4.0,2,2,yes,2024-11-08 01:20:00,16.0
1065,1,10,5,3,Owen throughway,Davies ferry,12.5,6.25,1,1,yes,2024-11-08 00:30:00,6.25
1066,3,10,8,9,Port Ryanside,Williams loop,12.5,6.25,2,1,yes,2024-11-12 00:00:00,18.75
1067,1,50,7,4,O'Brien fork,Williams loop,3.5,1.75,2,0,yes,2024-11-14 00:10:00,3.5
1068,22,42,4,7,Hall ways,Andrea knolls,12.5,6.25,3,0,yes,2024-11-10 00:50:00,25.0
1069,1,30,5,3,Roberts knolls,Brenda river,6.5,3.25,2,0,yes,2024-11-19 01:30:00,6.5
1070,50,3,10,10,Hill villages,Daniels common,18.5,9.25,2,1,yes,2024-11-14 00:10:00,27.75
1071,46,49,8,9,Port Ryanside,Williams loop,12.5,6.25,1,0,yes,2024-11-08 00:00:00,0.0
1072,23,24,10,10,Henderson cliffs,Hopkins corner,9.5,4.75,1,0,yes,2024-11-11 00:40:00,0.0
1073,16,2,6,8,Davies ferry,Smith divide,9.5,4.75,2,2,yes,2024-11-07 01:00:00,19.0
1074,36,15,10,10,Hill villages,Hooper fort,20.0,10.0,3,0,yes,2024-11-03 00:10:00,40.0
1075,9,7,9,5,Watkins brooks,Holt spur,5.0,2.5,2,0,yes,2024-11-19 01:00:00,5.0
1076,2,27,9,5,Daniels common,Watkins brooks,5.0,2.5,1,1,yes,2024-11-16 00:40:00,2.5
1077,45,32,5,3,Hall brooks,Marcusfurt,9.5,4.75,2,0,yes,2024-11-11 01:50:00,9.5
1078,24,19,10,10,Hooper fort,Port Victoria,6.5,3.25,2,2,yes,2024-11-22 02:10:00,13.0
1079,22,44,6,8,Marilyn junctions,Lewis forks,9.5,4.75,1,2,yes,2024-11-17 01:30:00,9.5
1080,46,35,8,9,Williams loop,O'Brien fork,3.5,1.75,1,0,yes,2024-11-12 01:10:00,0.0
1081,31,46,1,1,Thomas glens,Rogers lock,14.0,7.0,2,0,yes,2024-11-05 00:30:00,14.0
1082,23,32,1,1,Murray causeway,Murray point,3.5,1.75,1,0,yes,2024-11-15 01:10:00,0.0
1083,12,14,7,4,Williams loop,Port Ryanside,12.5,6.25,2,1,yes,2024-11-04 00:20:00,18.75
1084,16,32,5,3,Marilyn junctions,Marcusfurt,15.5,7.75,3,1,yes,2024-11-05 01:10:00,38.75
1085,47,27,6,8,Clare river,Roberts knolls,9.5,4.75,2,2,yes,2024-11-10 00:20:00,19.0
1086,24,34,8,9,Port Ryanside,Collins vista,6.5,3.25,1,1,yes,2024-11-15 00:00:00,3.25
1087,36,3,1,1,Thomas glens,Murray point,9.5,4.75,3,1,yes,2024-11-09 00:30:00,23.75
1088,7,34,10,10,Hill villages,Daniels common,18.5,9.25,2,1,yes,2024-11-04 00:10:00,27.75
1089,19,48,2,6,Murray causeway,Thomas glens,8.0,4.0,3,0,yes,2024-11-20 00:50:00,16.0
1090,45,49,9,5,Neil radial,Hopkins corner,11.0,5.5,1,0,yes,2024-11-12 00:10:00,0.0
1091,15,27,5,3,Lauren courts,Marcusfurt,14.0,7.0,3,2,yes,2024-11-02 01:20:00,42.0
1092,23,34,4,7,Hall ways,Sharp lane,6.5,3.25,3,1,yes,2024-11-20 00:50:00,16.25
1093,35,22,3,2,Scott ways,Khan mall,15.5,7.75,1,0,yes,2024-11-09 00:30:00,0.0
1094,24,15,6,8,Hall brooks,Davies ferry,3.5,1.75,1,0,yes,2024-11-18 00:50:00,0.0
1095,46,43,9,5,Palmer fords,Henderson cliffs,12.5,6.25,2,1,yes,2024-11-15 00:50:00,18.75
1096,39,1,6,8,Brenda river,Marilyn junctions,9.5,4.75,1,2,yes,2024-11-04 00:40:00,9.5
1097,43,10,4,7,Hazel brooks,Scott ways,3.5,1.75,1,0,yes,2024-11-17 01:40:00,0.0
1098,12,25,6,8,Hall brooks,Lewis forks,15.5,7.75,3,2,yes,2024-11-13 00:50:00,46.5
1099,45,13,3,2,Port Russell,Andrea knolls,5.0,2.5,3,0,yes,2024-11-06 00:00:00,10.0
1100,10,4,2,6,Green loaf,South Melanie,17.0,8.5,2,2,yes,2024-11-21 00:20:00,34.0
